<?xml version="1.0" encoding="UTF-8"?>
<sv:node xmlns:sv="http://www.jcp.org/jcr/sv/1.0" xmlns:xsi="http://www.w3.org/2001/XMLSchema-instance" sv:name="jcr:root">
  <sv:property sv:name="jcr:primaryType" sv:type="Name">
    <sv:value>rep:root</sv:value>
  </sv:property>
  <sv:node sv:name="Xmas-sample">
    <sv:property sv:name="jcr:primaryType" sv:type="Name">
      <sv:value>mgnl:campaign</sv:value>
    </sv:property>
    <sv:property sv:name="jcr:uuid" sv:type="String">
      <sv:value>104b5ca7-374d-4f86-a3cf-494f55521a0d</sv:value>
    </sv:property>
    <sv:property sv:name="mgnl:activationStatus" sv:type="Boolean">
      <sv:value>true</sv:value>
    </sv:property>
    <sv:property sv:name="mgnl:comment" sv:type="String">
      <sv:value/>
    </sv:property>
    <sv:property sv:name="mgnl:created" sv:type="Date">
      <sv:value>2014-12-01T17:17:49.427+01:00</sv:value>
    </sv:property>
    <sv:property sv:name="mgnl:createdBy" sv:type="String">
      <sv:value>superuser</sv:value>
    </sv:property>
    <sv:property sv:name="mgnl:lastActivated" sv:type="Date">
      <sv:value>2014-12-04T14:02:33.419+01:00</sv:value>
    </sv:property>
    <sv:property sv:name="mgnl:lastActivatedBy" sv:type="String">
      <sv:value>superuser</sv:value>
    </sv:property>
    <sv:property sv:name="mgnl:lastModified" sv:type="Date">
      <sv:value>2015-05-28T16:53:35.679+02:00</sv:value>
    </sv:property>
    <sv:property sv:name="mgnl:lastModifiedBy" sv:type="String">
      <sv:value>superuser</sv:value>
    </sv:property>
    <sv:node sv:name="website.808ebe4c-72b2-49f1-b9f7-e7db22bce02f">
      <sv:property sv:name="jcr:primaryType" sv:type="Name">
        <sv:value>mgnl:content</sv:value>
      </sv:property>
      <sv:property sv:name="jcr:uuid" sv:type="String">
        <sv:value>48335b2f-222b-4640-a69d-6d9dfd4c00ab</sv:value>
      </sv:property>
      <sv:property sv:name="addedBy" sv:type="String">
        <sv:value>superuser</sv:value>
      </sv:property>
      <sv:property sv:name="includeDependencies" sv:type="Boolean">
        <sv:value>true</sv:value>
      </sv:property>
      <sv:property sv:name="mgnl:created" sv:type="Date">
        <sv:value>2015-05-28T16:36:19.241+02:00</sv:value>
      </sv:property>
      <sv:property sv:name="mgnl:createdBy" sv:type="String">
        <sv:value>superuser</sv:value>
      </sv:property>
      <sv:property sv:name="mgnl:lastModified" sv:type="Date">
        <sv:value>2015-05-28T16:36:19.241+02:00</sv:value>
      </sv:property>
      <sv:property sv:name="mgnl:lastModifiedBy" sv:type="String">
        <sv:value>superuser</sv:value>
      </sv:property>
    </sv:node>
    <sv:node sv:name="website.8fa4a73f-51c3-40ac-b698-715595216186">
      <sv:property sv:name="jcr:primaryType" sv:type="Name">
        <sv:value>mgnl:content</sv:value>
      </sv:property>
      <sv:property sv:name="jcr:uuid" sv:type="String">
        <sv:value>9a97d024-6b79-43cf-97bd-f17b5b1e861b</sv:value>
      </sv:property>
      <sv:property sv:name="addedBy" sv:type="String">
        <sv:value>superuser</sv:value>
      </sv:property>
      <sv:property sv:name="includeDependencies" sv:type="Boolean">
        <sv:value>true</sv:value>
      </sv:property>
      <sv:property sv:name="mgnl:created" sv:type="Date">
        <sv:value>2015-05-28T16:36:26.152+02:00</sv:value>
      </sv:property>
      <sv:property sv:name="mgnl:createdBy" sv:type="String">
        <sv:value>superuser</sv:value>
      </sv:property>
      <sv:property sv:name="mgnl:lastModified" sv:type="Date">
        <sv:value>2015-05-28T16:36:26.152+02:00</sv:value>
      </sv:property>
      <sv:property sv:name="mgnl:lastModifiedBy" sv:type="String">
        <sv:value>superuser</sv:value>
      </sv:property>
    </sv:node>
    <sv:node sv:name="website.f28c5cec-3567-485e-a8db-196339aa82b5">
      <sv:property sv:name="jcr:primaryType" sv:type="Name">
        <sv:value>mgnl:content</sv:value>
      </sv:property>
      <sv:property sv:name="jcr:uuid" sv:type="String">
        <sv:value>e55e07fe-9bee-40b9-9af5-c9f3d0def1a3</sv:value>
      </sv:property>
      <sv:property sv:name="addedBy" sv:type="String">
        <sv:value>superuser</sv:value>
      </sv:property>
      <sv:property sv:name="includeDependencies" sv:type="Boolean">
        <sv:value>true</sv:value>
      </sv:property>
      <sv:property sv:name="mgnl:created" sv:type="Date">
        <sv:value>2015-05-28T16:36:31.937+02:00</sv:value>
      </sv:property>
      <sv:property sv:name="mgnl:createdBy" sv:type="String">
        <sv:value>superuser</sv:value>
      </sv:property>
      <sv:property sv:name="mgnl:lastModified" sv:type="Date">
        <sv:value>2015-05-28T16:36:31.937+02:00</sv:value>
      </sv:property>
      <sv:property sv:name="mgnl:lastModifiedBy" sv:type="String">
        <sv:value>superuser</sv:value>
      </sv:property>
    </sv:node>
    <sv:node sv:name="website.30058d95-f1c8-4b0a-b0ad-34b710e7c367">
      <sv:property sv:name="jcr:primaryType" sv:type="Name">
        <sv:value>mgnl:content</sv:value>
      </sv:property>
      <sv:property sv:name="jcr:uuid" sv:type="String">
        <sv:value>25482a53-5dff-4b65-8a8c-9503e5decb7c</sv:value>
      </sv:property>
      <sv:property sv:name="addedBy" sv:type="String">
        <sv:value>superuser</sv:value>
      </sv:property>
      <sv:property sv:name="includeDependencies" sv:type="Boolean">
        <sv:value>true</sv:value>
      </sv:property>
      <sv:property sv:name="mgnl:created" sv:type="Date">
        <sv:value>2015-05-28T16:36:38.177+02:00</sv:value>
      </sv:property>
      <sv:property sv:name="mgnl:createdBy" sv:type="String">
        <sv:value>superuser</sv:value>
      </sv:property>
      <sv:property sv:name="mgnl:lastModified" sv:type="Date">
        <sv:value>2015-05-28T16:36:38.177+02:00</sv:value>
      </sv:property>
      <sv:property sv:name="mgnl:lastModifiedBy" sv:type="String">
        <sv:value>superuser</sv:value>
      </sv:property>
    </sv:node>
  </sv:node>
  <sv:node sv:name="Black-Friday-sample">
    <sv:property sv:name="jcr:primaryType" sv:type="Name">
      <sv:value>mgnl:campaign</sv:value>
    </sv:property>
    <sv:property sv:name="jcr:uuid" sv:type="String">
      <sv:value>9634f719-8e27-4768-9bcc-dd61a45e090b</sv:value>
    </sv:property>
    <sv:property sv:name="mgnl:activationStatus" sv:type="Boolean">
      <sv:value>true</sv:value>
    </sv:property>
    <sv:property sv:name="mgnl:created" sv:type="Date">
      <sv:value>2014-09-14T22:27:48.330+02:00</sv:value>
    </sv:property>
    <sv:property sv:name="mgnl:createdBy" sv:type="String">
      <sv:value>superuser</sv:value>
    </sv:property>
    <sv:property sv:name="mgnl:lastActivated" sv:type="Date">
      <sv:value>2014-12-04T14:09:03.106+01:00</sv:value>
    </sv:property>
    <sv:property sv:name="mgnl:lastActivatedBy" sv:type="String">
      <sv:value>superuser</sv:value>
    </sv:property>
    <sv:property sv:name="mgnl:lastModified" sv:type="Date">
      <sv:value>2015-05-28T16:53:30.272+02:00</sv:value>
    </sv:property>
    <sv:property sv:name="mgnl:lastModifiedBy" sv:type="String">
      <sv:value>superuser</sv:value>
    </sv:property>
    <sv:node sv:name="resources.79fca5a6-b104-417b-a107-25b94ebc3961">
      <sv:property sv:name="jcr:primaryType" sv:type="Name">
        <sv:value>mgnl:content</sv:value>
      </sv:property>
      <sv:property sv:name="jcr:uuid" sv:type="String">
        <sv:value>cdf5eefb-8116-4715-989e-185be7559462</sv:value>
      </sv:property>
      <sv:property sv:name="addedBy" sv:type="String">
        <sv:value>eric</sv:value>
      </sv:property>
      <sv:property sv:name="markedAsReadyBy" sv:type="String">
        <sv:value>superuser</sv:value>
      </sv:property>
      <sv:property sv:name="markedAsReadyDate" sv:type="Date">
        <sv:value>2014-12-04T12:26:30.869+01:00</sv:value>
      </sv:property>
      <sv:property sv:name="mgnl:lastModified" sv:type="Date">
        <sv:value>2014-12-05T09:24:09.201+01:00</sv:value>
      </sv:property>
      <sv:property sv:name="mgnl:lastModifiedBy" sv:type="String">
        <sv:value>superuser</sv:value>
      </sv:property>
    </sv:node>
    <sv:node sv:name="config.78953796-0945-43ac-ae5b-c29e6ff32a3c">
      <sv:property sv:name="jcr:primaryType" sv:type="Name">
        <sv:value>mgnl:content</sv:value>
      </sv:property>
      <sv:property sv:name="jcr:uuid" sv:type="String">
        <sv:value>e5661e0b-24ac-4dd4-882a-3352670d65d8</sv:value>
      </sv:property>
      <sv:property sv:name="addedBy" sv:type="String">
        <sv:value>superuser</sv:value>
      </sv:property>
      <sv:property sv:name="mgnl:lastModified" sv:type="Date">
        <sv:value>2014-12-05T09:24:09.201+01:00</sv:value>
      </sv:property>
      <sv:property sv:name="mgnl:lastModifiedBy" sv:type="String">
        <sv:value>superuser</sv:value>
      </sv:property>
    </sv:node>
    <sv:node sv:name="website.b06b82a2-74b0-4994-8015-028c4fd60716">
      <sv:property sv:name="jcr:primaryType" sv:type="Name">
        <sv:value>mgnl:content</sv:value>
      </sv:property>
      <sv:property sv:name="jcr:uuid" sv:type="String">
        <sv:value>0a97e793-06c3-4ccd-a473-d6c4aacdb534</sv:value>
      </sv:property>
      <sv:property sv:name="addedBy" sv:type="String">
        <sv:value>superuser</sv:value>
      </sv:property>
      <sv:property sv:name="includeDependencies" sv:type="Boolean">
        <sv:value>true</sv:value>
      </sv:property>
      <sv:property sv:name="mgnl:created" sv:type="Date">
        <sv:value>2015-05-28T16:37:40.068+02:00</sv:value>
      </sv:property>
      <sv:property sv:name="mgnl:createdBy" sv:type="String">
        <sv:value>superuser</sv:value>
      </sv:property>
      <sv:property sv:name="mgnl:lastModified" sv:type="Date">
        <sv:value>2015-05-28T16:37:40.068+02:00</sv:value>
      </sv:property>
      <sv:property sv:name="mgnl:lastModifiedBy" sv:type="String">
        <sv:value>superuser</sv:value>
      </sv:property>
    </sv:node>
    <sv:node sv:name="dam.f65f38bf-9e8b-482f-b5a9-30049bbf350a">
      <sv:property sv:name="jcr:primaryType" sv:type="Name">
        <sv:value>mgnl:content</sv:value>
      </sv:property>
      <sv:property sv:name="jcr:uuid" sv:type="String">
        <sv:value>3e7443c9-c827-4b43-8aa6-55dc610182fb</sv:value>
      </sv:property>
      <sv:property sv:name="addedBy" sv:type="String">
        <sv:value>superuser</sv:value>
      </sv:property>
      <sv:property sv:name="mgnl:created" sv:type="Date">
        <sv:value>2015-05-28T16:38:07.767+02:00</sv:value>
      </sv:property>
      <sv:property sv:name="mgnl:createdBy" sv:type="String">
        <sv:value>superuser</sv:value>
      </sv:property>
      <sv:property sv:name="mgnl:lastModified" sv:type="Date">
        <sv:value>2015-05-28T16:38:07.767+02:00</sv:value>
      </sv:property>
      <sv:property sv:name="mgnl:lastModifiedBy" sv:type="String">
        <sv:value>superuser</sv:value>
      </sv:property>
      <sv:property sv:name="reference" sv:type="Boolean">
        <sv:value>true</sv:value>
      </sv:property>
    </sv:node>
    <sv:node sv:name="dam.5b9ee0d9-9ee2-4943-ba91-ff8240065fda">
      <sv:property sv:name="jcr:primaryType" sv:type="Name">
        <sv:value>mgnl:content</sv:value>
      </sv:property>
      <sv:property sv:name="jcr:uuid" sv:type="String">
        <sv:value>21c27f6c-563f-464e-a5fd-fa7cd67cc6ad</sv:value>
      </sv:property>
      <sv:property sv:name="addedBy" sv:type="String">
        <sv:value>superuser</sv:value>
      </sv:property>
      <sv:property sv:name="mgnl:created" sv:type="Date">
        <sv:value>2015-05-28T16:38:07.768+02:00</sv:value>
      </sv:property>
      <sv:property sv:name="mgnl:createdBy" sv:type="String">
        <sv:value>superuser</sv:value>
      </sv:property>
      <sv:property sv:name="mgnl:lastModified" sv:type="Date">
        <sv:value>2015-05-28T16:38:07.768+02:00</sv:value>
      </sv:property>
      <sv:property sv:name="mgnl:lastModifiedBy" sv:type="String">
        <sv:value>superuser</sv:value>
      </sv:property>
      <sv:property sv:name="reference" sv:type="Boolean">
        <sv:value>true</sv:value>
      </sv:property>
    </sv:node>
  </sv:node>
  <sv:node sv:name="New-Year-s-Eve-sample">
    <sv:property sv:name="jcr:primaryType" sv:type="Name">
      <sv:value>mgnl:campaign</sv:value>
    </sv:property>
    <sv:property sv:name="jcr:uuid" sv:type="String">
      <sv:value>b3bd12e5-36c1-4a13-b3ae-774943b7be16</sv:value>
    </sv:property>
    <sv:property sv:name="mgnl:activationStatus" sv:type="Boolean">
      <sv:value>true</sv:value>
    </sv:property>
    <sv:property sv:name="mgnl:created" sv:type="Date">
      <sv:value>2014-12-04T16:22:33.248+01:00</sv:value>
    </sv:property>
    <sv:property sv:name="mgnl:createdBy" sv:type="String">
      <sv:value>superuser</sv:value>
    </sv:property>
    <sv:property sv:name="mgnl:lastActivated" sv:type="Date">
      <sv:value>2014-12-04T16:28:08.377+01:00</sv:value>
    </sv:property>
    <sv:property sv:name="mgnl:lastActivatedBy" sv:type="String">
      <sv:value>superuser</sv:value>
    </sv:property>
    <sv:property sv:name="mgnl:lastModified" sv:type="Date">
      <sv:value>2015-05-28T17:03:47.805+02:00</sv:value>
    </sv:property>
    <sv:property sv:name="mgnl:lastModifiedBy" sv:type="String">
      <sv:value>superuser</sv:value>
    </sv:property>
    <sv:node sv:name="website.6df1ebd8-fc9d-4db3-8539-02829c56b9f2">
      <sv:property sv:name="jcr:primaryType" sv:type="Name">
        <sv:value>mgnl:content</sv:value>
      </sv:property>
      <sv:property sv:name="jcr:uuid" sv:type="String">
        <sv:value>4348fd7e-5407-412d-bc26-d007e7a8df66</sv:value>
      </sv:property>
      <sv:property sv:name="addedBy" sv:type="String">
        <sv:value>superuser</sv:value>
      </sv:property>
      <sv:property sv:name="includeDependencies" sv:type="Boolean">
        <sv:value>true</sv:value>
      </sv:property>
      <sv:property sv:name="mgnl:created" sv:type="Date">
        <sv:value>2015-05-28T16:39:37.382+02:00</sv:value>
      </sv:property>
      <sv:property sv:name="mgnl:createdBy" sv:type="String">
        <sv:value>superuser</sv:value>
      </sv:property>
      <sv:property sv:name="mgnl:lastModified" sv:type="Date">
        <sv:value>2015-05-28T16:39:37.382+02:00</sv:value>
      </sv:property>
      <sv:property sv:name="mgnl:lastModifiedBy" sv:type="String">
        <sv:value>superuser</sv:value>
      </sv:property>
    </sv:node>
    <sv:node sv:name="website.84078519-eeb3-4dd3-a12b-8257e8290bcc">
      <sv:property sv:name="jcr:primaryType" sv:type="Name">
        <sv:value>mgnl:content</sv:value>
      </sv:property>
      <sv:property sv:name="jcr:uuid" sv:type="String">
        <sv:value>e54a4fe4-17ea-4945-9632-8bc45efb66c9</sv:value>
      </sv:property>
      <sv:property sv:name="addedBy" sv:type="String">
        <sv:value>superuser</sv:value>
      </sv:property>
      <sv:property sv:name="includeDependencies" sv:type="Boolean">
        <sv:value>true</sv:value>
      </sv:property>
      <sv:property sv:name="mgnl:created" sv:type="Date">
        <sv:value>2015-05-28T16:39:49.204+02:00</sv:value>
      </sv:property>
      <sv:property sv:name="mgnl:createdBy" sv:type="String">
        <sv:value>superuser</sv:value>
      </sv:property>
      <sv:property sv:name="mgnl:lastModified" sv:type="Date">
        <sv:value>2015-05-28T16:39:49.204+02:00</sv:value>
      </sv:property>
      <sv:property sv:name="mgnl:lastModifiedBy" sv:type="String">
        <sv:value>superuser</sv:value>
      </sv:property>
    </sv:node>
    <sv:node sv:name="website.1efdad2d-7cba-48a0-8310-f6c96d2ccfea">
      <sv:property sv:name="jcr:primaryType" sv:type="Name">
        <sv:value>mgnl:content</sv:value>
      </sv:property>
      <sv:property sv:name="jcr:uuid" sv:type="String">
        <sv:value>36b84e85-802e-44ad-baaa-4c442d68260f</sv:value>
      </sv:property>
      <sv:property sv:name="addedBy" sv:type="String">
        <sv:value>superuser</sv:value>
      </sv:property>
      <sv:property sv:name="includeDependencies" sv:type="Boolean">
        <sv:value>true</sv:value>
      </sv:property>
      <sv:property sv:name="mgnl:created" sv:type="Date">
        <sv:value>2015-05-28T16:39:54.364+02:00</sv:value>
      </sv:property>
      <sv:property sv:name="mgnl:createdBy" sv:type="String">
        <sv:value>superuser</sv:value>
      </sv:property>
      <sv:property sv:name="mgnl:lastModified" sv:type="Date">
        <sv:value>2015-05-28T16:39:54.364+02:00</sv:value>
      </sv:property>
      <sv:property sv:name="mgnl:lastModifiedBy" sv:type="String">
        <sv:value>superuser</sv:value>
      </sv:property>
    </sv:node>
    <sv:node sv:name="website.cd96f78d-1d5c-4f6b-b00d-765d0d59f6da">
      <sv:property sv:name="jcr:primaryType" sv:type="Name">
        <sv:value>mgnl:content</sv:value>
      </sv:property>
      <sv:property sv:name="jcr:uuid" sv:type="String">
        <sv:value>087cfba6-7344-4097-9646-1c7b5396ecae</sv:value>
      </sv:property>
      <sv:property sv:name="addedBy" sv:type="String">
        <sv:value>superuser</sv:value>
      </sv:property>
      <sv:property sv:name="includeDependencies" sv:type="Boolean">
        <sv:value>true</sv:value>
      </sv:property>
      <sv:property sv:name="mgnl:created" sv:type="Date">
        <sv:value>2015-05-28T16:40:01.498+02:00</sv:value>
      </sv:property>
      <sv:property sv:name="mgnl:createdBy" sv:type="String">
        <sv:value>superuser</sv:value>
      </sv:property>
      <sv:property sv:name="mgnl:lastModified" sv:type="Date">
        <sv:value>2015-05-28T16:40:01.498+02:00</sv:value>
      </sv:property>
      <sv:property sv:name="mgnl:lastModifiedBy" sv:type="String">
        <sv:value>superuser</sv:value>
      </sv:property>
    </sv:node>
    <sv:node sv:name="dam.d01deefa-dba9-4708-8cfa-604320720253">
      <sv:property sv:name="jcr:primaryType" sv:type="Name">
        <sv:value>mgnl:content</sv:value>
      </sv:property>
      <sv:property sv:name="jcr:uuid" sv:type="String">
        <sv:value>2594ea4e-f781-4d98-9c53-7695b026693f</sv:value>
      </sv:property>
      <sv:property sv:name="addedBy" sv:type="String">
        <sv:value>superuser</sv:value>
      </sv:property>
      <sv:property sv:name="includeDependencies" sv:type="Boolean">
        <sv:value>true</sv:value>
      </sv:property>
      <sv:property sv:name="mgnl:created" sv:type="Date">
        <sv:value>2015-05-28T16:53:24.750+02:00</sv:value>
      </sv:property>
      <sv:property sv:name="mgnl:createdBy" sv:type="String">
        <sv:value>superuser</sv:value>
      </sv:property>
      <sv:property sv:name="mgnl:lastModified" sv:type="Date">
        <sv:value>2015-05-28T16:53:24.750+02:00</sv:value>
      </sv:property>
      <sv:property sv:name="mgnl:lastModifiedBy" sv:type="String">
        <sv:value>superuser</sv:value>
      </sv:property>
    </sv:node>
  </sv:node>
</sv:node>
