<?xml version="1.0" encoding="UTF-8"?>
<sv:node xmlns:sv="http://www.jcp.org/jcr/sv/1.0" xmlns:xsi="http://www.w3.org/2001/XMLSchema-instance" sv:name="jcr:root">
  <sv:property sv:name="jcr:primaryType" sv:type="Name">
    <sv:value>rep:root</sv:value>
  </sv:property>
  <sv:node sv:name="509">
    <sv:property sv:name="jcr:primaryType" sv:type="Name">
      <sv:value>mgnl:folder</sv:value>
    </sv:property>
    <sv:property sv:name="jcr:uuid" sv:type="String">
      <sv:value>4ad11c99-5625-415c-b78f-82737d6c647f</sv:value>
    </sv:property>
    <sv:property sv:name="mgnl:activationStatus" sv:type="Boolean">
      <sv:value>true</sv:value>
    </sv:property>
    <sv:property sv:name="mgnl:created" sv:type="Date">
      <sv:value>2022-09-02T09:06:57.327+02:00</sv:value>
    </sv:property>
    <sv:property sv:name="mgnl:createdBy" sv:type="String">
      <sv:value>superuser</sv:value>
    </sv:property>
    <sv:property sv:name="mgnl:lastActivated" sv:type="Date">
      <sv:value>2022-12-15T09:29:16.148+01:00</sv:value>
    </sv:property>
    <sv:property sv:name="mgnl:lastActivatedBy" sv:type="String">
      <sv:value>superuser</sv:value>
    </sv:property>
    <sv:property sv:name="mgnl:lastModified" sv:type="Date">
      <sv:value>2022-09-19T14:59:16.138+02:00</sv:value>
    </sv:property>
    <sv:property sv:name="mgnl:lastModifiedBy" sv:type="String">
      <sv:value>superuser</sv:value>
    </sv:property>
    <sv:node sv:name="A">
      <sv:property sv:name="jcr:primaryType" sv:type="Name">
        <sv:value>mgnl:document</sv:value>
      </sv:property>
      <sv:property sv:name="jcr:uuid" sv:type="String">
        <sv:value>72f30123-c7b6-4b28-ac19-5c8df59d56c9</sv:value>
      </sv:property>
      <sv:property sv:name="description" sv:type="String">
        <sv:value>Accompanying letter affiliation/mutation</sv:value>
      </sv:property>
      <sv:property sv:name="docId" sv:type="String">
        <sv:value>4729</sv:value>
      </sv:property>
      <sv:property sv:name="insuranceType" sv:type="String">
        <sv:value/>
      </sv:property>
      <sv:property sv:name="mgnl:activationStatus" sv:type="Boolean">
        <sv:value>true</sv:value>
      </sv:property>
      <sv:property sv:name="mgnl:created" sv:type="Date">
        <sv:value>2022-09-02T09:06:57.330+02:00</sv:value>
      </sv:property>
      <sv:property sv:name="mgnl:createdBy" sv:type="String">
        <sv:value>superuser</sv:value>
      </sv:property>
      <sv:property sv:name="mgnl:lastActivated" sv:type="Date">
        <sv:value>2022-12-15T09:29:35.736+01:00</sv:value>
      </sv:property>
      <sv:property sv:name="mgnl:lastActivatedBy" sv:type="String">
        <sv:value>superuser</sv:value>
      </sv:property>
      <sv:property sv:name="mgnl:lastModified" sv:type="Date">
        <sv:value>2022-09-19T14:59:16.138+02:00</sv:value>
      </sv:property>
      <sv:property sv:name="mgnl:lastModifiedBy" sv:type="String">
        <sv:value>superuser</sv:value>
      </sv:property>
      <sv:property sv:name="packId" sv:type="String">
        <sv:value/>
      </sv:property>
      <sv:property sv:name="productCode" sv:type="String">
        <sv:value/>
      </sv:property>
    </sv:node>
    <sv:node sv:name="B">
      <sv:property sv:name="jcr:primaryType" sv:type="Name">
        <sv:value>mgnl:document</sv:value>
      </sv:property>
      <sv:property sv:name="jcr:uuid" sv:type="String">
        <sv:value>f3100fef-5dae-4886-b6a8-309ced16fff2</sv:value>
      </sv:property>
      <sv:property sv:name="description" sv:type="String">
        <sv:value>Accompanying letter upsell/PAC becomes TIT</sv:value>
      </sv:property>
      <sv:property sv:name="docId" sv:type="String">
        <sv:value>4728</sv:value>
      </sv:property>
      <sv:property sv:name="insuranceType" sv:type="String">
        <sv:value/>
      </sv:property>
      <sv:property sv:name="mgnl:activationStatus" sv:type="Boolean">
        <sv:value>true</sv:value>
      </sv:property>
      <sv:property sv:name="mgnl:created" sv:type="Date">
        <sv:value>2022-09-02T09:06:57.333+02:00</sv:value>
      </sv:property>
      <sv:property sv:name="mgnl:createdBy" sv:type="String">
        <sv:value>superuser</sv:value>
      </sv:property>
      <sv:property sv:name="mgnl:lastActivated" sv:type="Date">
        <sv:value>2022-12-15T09:29:34.527+01:00</sv:value>
      </sv:property>
      <sv:property sv:name="mgnl:lastActivatedBy" sv:type="String">
        <sv:value>superuser</sv:value>
      </sv:property>
      <sv:property sv:name="mgnl:lastModified" sv:type="Date">
        <sv:value>2022-09-19T14:59:16.138+02:00</sv:value>
      </sv:property>
      <sv:property sv:name="mgnl:lastModifiedBy" sv:type="String">
        <sv:value>superuser</sv:value>
      </sv:property>
      <sv:property sv:name="packId" sv:type="String">
        <sv:value/>
      </sv:property>
      <sv:property sv:name="productCode" sv:type="String">
        <sv:value/>
      </sv:property>
    </sv:node>
    <sv:node sv:name="1">
      <sv:property sv:name="jcr:primaryType" sv:type="Name">
        <sv:value>mgnl:document</sv:value>
      </sv:property>
      <sv:property sv:name="jcr:uuid" sv:type="String">
        <sv:value>930c7987-1416-4151-ab1e-2406b422826d</sv:value>
      </sv:property>
      <sv:property sv:name="description" sv:type="String">
        <sv:value>AO</sv:value>
      </sv:property>
      <sv:property sv:name="docId" sv:type="String">
        <sv:value/>
      </sv:property>
      <sv:property sv:name="insuranceType" sv:type="String">
        <sv:value>1</sv:value>
      </sv:property>
      <sv:property sv:name="mgnl:activationStatus" sv:type="Boolean">
        <sv:value>true</sv:value>
      </sv:property>
      <sv:property sv:name="mgnl:created" sv:type="Date">
        <sv:value>2022-09-02T09:06:57.337+02:00</sv:value>
      </sv:property>
      <sv:property sv:name="mgnl:createdBy" sv:type="String">
        <sv:value>superuser</sv:value>
      </sv:property>
      <sv:property sv:name="mgnl:lastActivated" sv:type="Date">
        <sv:value>2022-12-15T09:29:33.081+01:00</sv:value>
      </sv:property>
      <sv:property sv:name="mgnl:lastActivatedBy" sv:type="String">
        <sv:value>superuser</sv:value>
      </sv:property>
      <sv:property sv:name="mgnl:lastModified" sv:type="Date">
        <sv:value>2022-09-19T14:59:16.138+02:00</sv:value>
      </sv:property>
      <sv:property sv:name="mgnl:lastModifiedBy" sv:type="String">
        <sv:value>superuser</sv:value>
      </sv:property>
      <sv:property sv:name="packId" sv:type="String">
        <sv:value>267</sv:value>
      </sv:property>
      <sv:property sv:name="productCode" sv:type="String">
        <sv:value>1</sv:value>
      </sv:property>
    </sv:node>
    <sv:node sv:name="2">
      <sv:property sv:name="jcr:primaryType" sv:type="Name">
        <sv:value>mgnl:document</sv:value>
      </sv:property>
      <sv:property sv:name="jcr:uuid" sv:type="String">
        <sv:value>88aafba2-71bb-4347-a370-4f0e8b4fd19f</sv:value>
      </sv:property>
      <sv:property sv:name="description" sv:type="String">
        <sv:value>additional document for MUTATION</sv:value>
      </sv:property>
      <sv:property sv:name="docId" sv:type="String">
        <sv:value/>
      </sv:property>
      <sv:property sv:name="insuranceType" sv:type="String">
        <sv:value>1</sv:value>
      </sv:property>
      <sv:property sv:name="mgnl:activationStatus" sv:type="Boolean">
        <sv:value>true</sv:value>
      </sv:property>
      <sv:property sv:name="mgnl:created" sv:type="Date">
        <sv:value>2022-09-02T09:06:57.341+02:00</sv:value>
      </sv:property>
      <sv:property sv:name="mgnl:createdBy" sv:type="String">
        <sv:value>superuser</sv:value>
      </sv:property>
      <sv:property sv:name="mgnl:lastActivated" sv:type="Date">
        <sv:value>2022-12-15T09:29:32.076+01:00</sv:value>
      </sv:property>
      <sv:property sv:name="mgnl:lastActivatedBy" sv:type="String">
        <sv:value>superuser</sv:value>
      </sv:property>
      <sv:property sv:name="mgnl:lastModified" sv:type="Date">
        <sv:value>2022-09-19T14:59:16.138+02:00</sv:value>
      </sv:property>
      <sv:property sv:name="mgnl:lastModifiedBy" sv:type="String">
        <sv:value>superuser</sv:value>
      </sv:property>
      <sv:property sv:name="packId" sv:type="String">
        <sv:value>273</sv:value>
      </sv:property>
      <sv:property sv:name="productCode" sv:type="String">
        <sv:value>1</sv:value>
      </sv:property>
    </sv:node>
    <sv:node sv:name="3">
      <sv:property sv:name="jcr:primaryType" sv:type="Name">
        <sv:value>mgnl:document</sv:value>
      </sv:property>
      <sv:property sv:name="jcr:uuid" sv:type="String">
        <sv:value>dc3004af-6611-4f53-8e6c-c6639d044ff9</sv:value>
      </sv:property>
      <sv:property sv:name="description" sv:type="String">
        <sv:value>Shortened affiliation (PAC to TIT)</sv:value>
      </sv:property>
      <sv:property sv:name="docId" sv:type="String">
        <sv:value/>
      </sv:property>
      <sv:property sv:name="insuranceType" sv:type="String">
        <sv:value>1</sv:value>
      </sv:property>
      <sv:property sv:name="mgnl:activationStatus" sv:type="Boolean">
        <sv:value>true</sv:value>
      </sv:property>
      <sv:property sv:name="mgnl:created" sv:type="Date">
        <sv:value>2022-09-02T09:06:57.344+02:00</sv:value>
      </sv:property>
      <sv:property sv:name="mgnl:createdBy" sv:type="String">
        <sv:value>superuser</sv:value>
      </sv:property>
      <sv:property sv:name="mgnl:lastActivated" sv:type="Date">
        <sv:value>2022-12-15T09:29:30.711+01:00</sv:value>
      </sv:property>
      <sv:property sv:name="mgnl:lastActivatedBy" sv:type="String">
        <sv:value>superuser</sv:value>
      </sv:property>
      <sv:property sv:name="mgnl:lastModified" sv:type="Date">
        <sv:value>2022-09-19T14:59:16.138+02:00</sv:value>
      </sv:property>
      <sv:property sv:name="mgnl:lastModifiedBy" sv:type="String">
        <sv:value>superuser</sv:value>
      </sv:property>
      <sv:property sv:name="packId" sv:type="String">
        <sv:value/>
      </sv:property>
      <sv:property sv:name="productCode" sv:type="String">
        <sv:value>1</sv:value>
      </sv:property>
    </sv:node>
    <sv:node sv:name="4">
      <sv:property sv:name="jcr:primaryType" sv:type="Name">
        <sv:value>mgnl:document</sv:value>
      </sv:property>
      <sv:property sv:name="jcr:uuid" sv:type="String">
        <sv:value>5aea953c-742d-49c6-9c47-819ba83e748b</sv:value>
      </sv:property>
      <sv:property sv:name="description" sv:type="String">
        <sv:value>Dentalia Plus</sv:value>
      </sv:property>
      <sv:property sv:name="docId" sv:type="String">
        <sv:value>5334</sv:value>
      </sv:property>
      <sv:property sv:name="insuranceType" sv:type="String">
        <sv:value>57</sv:value>
      </sv:property>
      <sv:property sv:name="mgnl:activationStatus" sv:type="Boolean">
        <sv:value>true</sv:value>
      </sv:property>
      <sv:property sv:name="mgnl:created" sv:type="Date">
        <sv:value>2022-09-02T09:06:57.347+02:00</sv:value>
      </sv:property>
      <sv:property sv:name="mgnl:createdBy" sv:type="String">
        <sv:value>superuser</sv:value>
      </sv:property>
      <sv:property sv:name="mgnl:lastActivated" sv:type="Date">
        <sv:value>2022-12-15T09:29:29.984+01:00</sv:value>
      </sv:property>
      <sv:property sv:name="mgnl:lastActivatedBy" sv:type="String">
        <sv:value>superuser</sv:value>
      </sv:property>
      <sv:property sv:name="mgnl:lastModified" sv:type="Date">
        <sv:value>2022-11-14T15:30:16.595+01:00</sv:value>
      </sv:property>
      <sv:property sv:name="mgnl:lastModifiedBy" sv:type="String">
        <sv:value>superuser</sv:value>
      </sv:property>
      <sv:property sv:name="packId" sv:type="String">
        <sv:value>271</sv:value>
      </sv:property>
      <sv:property sv:name="productCode" sv:type="String">
        <sv:value>1</sv:value>
      </sv:property>
    </sv:node>
    <sv:node sv:name="5">
      <sv:property sv:name="jcr:primaryType" sv:type="Name">
        <sv:value>mgnl:document</sv:value>
      </sv:property>
      <sv:property sv:name="jcr:uuid" sv:type="String">
        <sv:value>8ad0a7fd-1fad-4e10-ac93-c7e94148ebc3</sv:value>
      </sv:property>
      <sv:property sv:name="description" sv:type="String">
        <sv:value>H without warranty serious illness</sv:value>
      </sv:property>
      <sv:property sv:name="docId" sv:type="String">
        <sv:value>5334</sv:value>
      </sv:property>
      <sv:property sv:name="insuranceType" sv:type="String">
        <sv:value>27</sv:value>
      </sv:property>
      <sv:property sv:name="mgnl:activationStatus" sv:type="Boolean">
        <sv:value>true</sv:value>
      </sv:property>
      <sv:property sv:name="mgnl:created" sv:type="Date">
        <sv:value>2022-09-02T09:06:57.350+02:00</sv:value>
      </sv:property>
      <sv:property sv:name="mgnl:createdBy" sv:type="String">
        <sv:value>superuser</sv:value>
      </sv:property>
      <sv:property sv:name="mgnl:lastActivated" sv:type="Date">
        <sv:value>2022-12-15T09:29:28.794+01:00</sv:value>
      </sv:property>
      <sv:property sv:name="mgnl:lastActivatedBy" sv:type="String">
        <sv:value>superuser</sv:value>
      </sv:property>
      <sv:property sv:name="mgnl:lastModified" sv:type="Date">
        <sv:value>2022-11-14T15:29:45.890+01:00</sv:value>
      </sv:property>
      <sv:property sv:name="mgnl:lastModifiedBy" sv:type="String">
        <sv:value>superuser</sv:value>
      </sv:property>
      <sv:property sv:name="packId" sv:type="String">
        <sv:value>268</sv:value>
      </sv:property>
      <sv:property sv:name="productCode" sv:type="String">
        <sv:value>71</sv:value>
      </sv:property>
    </sv:node>
    <sv:node sv:name="6">
      <sv:property sv:name="jcr:primaryType" sv:type="Name">
        <sv:value>mgnl:document</sv:value>
      </sv:property>
      <sv:property sv:name="jcr:uuid" sv:type="String">
        <sv:value>ad73a583-c500-49ce-a218-020e82d83398</sv:value>
      </sv:property>
      <sv:property sv:name="description" sv:type="String">
        <sv:value>H with warranty serious illness</sv:value>
      </sv:property>
      <sv:property sv:name="docId" sv:type="String">
        <sv:value>5334</sv:value>
      </sv:property>
      <sv:property sv:name="insuranceType" sv:type="String">
        <sv:value>27</sv:value>
      </sv:property>
      <sv:property sv:name="mgnl:activationStatus" sv:type="Boolean">
        <sv:value>true</sv:value>
      </sv:property>
      <sv:property sv:name="mgnl:created" sv:type="Date">
        <sv:value>2022-09-02T09:06:57.353+02:00</sv:value>
      </sv:property>
      <sv:property sv:name="mgnl:createdBy" sv:type="String">
        <sv:value>superuser</sv:value>
      </sv:property>
      <sv:property sv:name="mgnl:lastActivated" sv:type="Date">
        <sv:value>2022-12-15T09:29:27.675+01:00</sv:value>
      </sv:property>
      <sv:property sv:name="mgnl:lastActivatedBy" sv:type="String">
        <sv:value>superuser</sv:value>
      </sv:property>
      <sv:property sv:name="mgnl:lastModified" sv:type="Date">
        <sv:value>2022-11-14T15:29:51.628+01:00</sv:value>
      </sv:property>
      <sv:property sv:name="mgnl:lastModifiedBy" sv:type="String">
        <sv:value>superuser</sv:value>
      </sv:property>
      <sv:property sv:name="packId" sv:type="String">
        <sv:value>268</sv:value>
      </sv:property>
      <sv:property sv:name="productCode" sv:type="String">
        <sv:value>1</sv:value>
      </sv:property>
    </sv:node>
    <sv:node sv:name="7">
      <sv:property sv:name="jcr:primaryType" sv:type="Name">
        <sv:value>mgnl:document</sv:value>
      </sv:property>
      <sv:property sv:name="jcr:uuid" sv:type="String">
        <sv:value>377e6917-571c-4de3-a0bc-f38c5ab51e9b</sv:value>
      </sv:property>
      <sv:property sv:name="description" sv:type="String">
        <sv:value>H MEDIUM without warranty serious illness</sv:value>
      </sv:property>
      <sv:property sv:name="docId" sv:type="String">
        <sv:value>5334</sv:value>
      </sv:property>
      <sv:property sv:name="insuranceType" sv:type="String">
        <sv:value>27</sv:value>
      </sv:property>
      <sv:property sv:name="mgnl:activationStatus" sv:type="Boolean">
        <sv:value>true</sv:value>
      </sv:property>
      <sv:property sv:name="mgnl:created" sv:type="Date">
        <sv:value>2022-09-02T09:06:57.357+02:00</sv:value>
      </sv:property>
      <sv:property sv:name="mgnl:createdBy" sv:type="String">
        <sv:value>superuser</sv:value>
      </sv:property>
      <sv:property sv:name="mgnl:lastActivated" sv:type="Date">
        <sv:value>2022-12-15T09:29:26.496+01:00</sv:value>
      </sv:property>
      <sv:property sv:name="mgnl:lastActivatedBy" sv:type="String">
        <sv:value>superuser</sv:value>
      </sv:property>
      <sv:property sv:name="mgnl:lastModified" sv:type="Date">
        <sv:value>2022-11-14T15:30:33.610+01:00</sv:value>
      </sv:property>
      <sv:property sv:name="mgnl:lastModifiedBy" sv:type="String">
        <sv:value>superuser</sv:value>
      </sv:property>
      <sv:property sv:name="packId" sv:type="String">
        <sv:value>278</sv:value>
      </sv:property>
      <sv:property sv:name="productCode" sv:type="String">
        <sv:value>72</sv:value>
      </sv:property>
    </sv:node>
    <sv:node sv:name="8">
      <sv:property sv:name="jcr:primaryType" sv:type="Name">
        <sv:value>mgnl:document</sv:value>
      </sv:property>
      <sv:property sv:name="jcr:uuid" sv:type="String">
        <sv:value>ad800bc0-0584-425b-b810-69869194db36</sv:value>
      </sv:property>
      <sv:property sv:name="description" sv:type="String">
        <sv:value>H MEDIUM with warranty serious illness</sv:value>
      </sv:property>
      <sv:property sv:name="docId" sv:type="String">
        <sv:value>5334</sv:value>
      </sv:property>
      <sv:property sv:name="insuranceType" sv:type="String">
        <sv:value>27</sv:value>
      </sv:property>
      <sv:property sv:name="mgnl:activationStatus" sv:type="Boolean">
        <sv:value>true</sv:value>
      </sv:property>
      <sv:property sv:name="mgnl:created" sv:type="Date">
        <sv:value>2022-09-02T09:06:57.364+02:00</sv:value>
      </sv:property>
      <sv:property sv:name="mgnl:createdBy" sv:type="String">
        <sv:value>superuser</sv:value>
      </sv:property>
      <sv:property sv:name="mgnl:lastActivated" sv:type="Date">
        <sv:value>2022-12-15T09:29:25.232+01:00</sv:value>
      </sv:property>
      <sv:property sv:name="mgnl:lastActivatedBy" sv:type="String">
        <sv:value>superuser</sv:value>
      </sv:property>
      <sv:property sv:name="mgnl:lastModified" sv:type="Date">
        <sv:value>2022-11-14T15:30:45.692+01:00</sv:value>
      </sv:property>
      <sv:property sv:name="mgnl:lastModifiedBy" sv:type="String">
        <sv:value>superuser</sv:value>
      </sv:property>
      <sv:property sv:name="packId" sv:type="String">
        <sv:value>278</sv:value>
      </sv:property>
      <sv:property sv:name="productCode" sv:type="String">
        <sv:value>11</sv:value>
      </sv:property>
    </sv:node>
    <sv:node sv:name="9">
      <sv:property sv:name="jcr:primaryType" sv:type="Name">
        <sv:value>mgnl:document</sv:value>
      </sv:property>
      <sv:property sv:name="jcr:uuid" sv:type="String">
        <sv:value>07e8d2d9-41c0-47fb-a935-2623fcba379c</sv:value>
      </sv:property>
      <sv:property sv:name="description" sv:type="String">
        <sv:value>H PLUS without warranty serious illness</sv:value>
      </sv:property>
      <sv:property sv:name="docId" sv:type="String">
        <sv:value>5334</sv:value>
      </sv:property>
      <sv:property sv:name="insuranceType" sv:type="String">
        <sv:value>27</sv:value>
      </sv:property>
      <sv:property sv:name="mgnl:activationStatus" sv:type="Boolean">
        <sv:value>true</sv:value>
      </sv:property>
      <sv:property sv:name="mgnl:created" sv:type="Date">
        <sv:value>2022-09-02T09:06:57.369+02:00</sv:value>
      </sv:property>
      <sv:property sv:name="mgnl:createdBy" sv:type="String">
        <sv:value>superuser</sv:value>
      </sv:property>
      <sv:property sv:name="mgnl:lastActivated" sv:type="Date">
        <sv:value>2022-12-15T09:29:24.125+01:00</sv:value>
      </sv:property>
      <sv:property sv:name="mgnl:lastActivatedBy" sv:type="String">
        <sv:value>superuser</sv:value>
      </sv:property>
      <sv:property sv:name="mgnl:lastModified" sv:type="Date">
        <sv:value>2022-11-14T15:29:58.472+01:00</sv:value>
      </sv:property>
      <sv:property sv:name="mgnl:lastModifiedBy" sv:type="String">
        <sv:value>superuser</sv:value>
      </sv:property>
      <sv:property sv:name="packId" sv:type="String">
        <sv:value>269</sv:value>
      </sv:property>
      <sv:property sv:name="productCode" sv:type="String">
        <sv:value>73</sv:value>
      </sv:property>
    </sv:node>
    <sv:node sv:name="10">
      <sv:property sv:name="jcr:primaryType" sv:type="Name">
        <sv:value>mgnl:document</sv:value>
      </sv:property>
      <sv:property sv:name="jcr:uuid" sv:type="String">
        <sv:value>9c6c65ee-2aa8-4f4a-9202-ff404057f174</sv:value>
      </sv:property>
      <sv:property sv:name="description" sv:type="String">
        <sv:value>H PLUS with warranty serious illness</sv:value>
      </sv:property>
      <sv:property sv:name="docId" sv:type="String">
        <sv:value>5334</sv:value>
      </sv:property>
      <sv:property sv:name="insuranceType" sv:type="String">
        <sv:value>27</sv:value>
      </sv:property>
      <sv:property sv:name="mgnl:activationStatus" sv:type="Boolean">
        <sv:value>true</sv:value>
      </sv:property>
      <sv:property sv:name="mgnl:created" sv:type="Date">
        <sv:value>2022-09-02T09:06:57.385+02:00</sv:value>
      </sv:property>
      <sv:property sv:name="mgnl:createdBy" sv:type="String">
        <sv:value>superuser</sv:value>
      </sv:property>
      <sv:property sv:name="mgnl:lastActivated" sv:type="Date">
        <sv:value>2022-12-15T09:29:23.019+01:00</sv:value>
      </sv:property>
      <sv:property sv:name="mgnl:lastActivatedBy" sv:type="String">
        <sv:value>superuser</sv:value>
      </sv:property>
      <sv:property sv:name="mgnl:lastModified" sv:type="Date">
        <sv:value>2022-11-14T15:30:04.533+01:00</sv:value>
      </sv:property>
      <sv:property sv:name="mgnl:lastModifiedBy" sv:type="String">
        <sv:value>superuser</sv:value>
      </sv:property>
      <sv:property sv:name="packId" sv:type="String">
        <sv:value>269</sv:value>
      </sv:property>
      <sv:property sv:name="productCode" sv:type="String">
        <sv:value>12</sv:value>
      </sv:property>
    </sv:node>
    <sv:node sv:name="11">
      <sv:property sv:name="jcr:primaryType" sv:type="Name">
        <sv:value>mgnl:document</sv:value>
      </sv:property>
      <sv:property sv:name="jcr:uuid" sv:type="String">
        <sv:value>f960153f-79ad-4ed1-b8af-cbd2047efec0</sv:value>
      </sv:property>
      <sv:property sv:name="description" sv:type="String">
        <sv:value>H CONT</sv:value>
      </sv:property>
      <sv:property sv:name="docId" sv:type="String">
        <sv:value>5334</sv:value>
      </sv:property>
      <sv:property sv:name="insuranceType" sv:type="String">
        <sv:value>27</sv:value>
      </sv:property>
      <sv:property sv:name="mgnl:activationStatus" sv:type="Boolean">
        <sv:value>true</sv:value>
      </sv:property>
      <sv:property sv:name="mgnl:created" sv:type="Date">
        <sv:value>2022-09-02T09:06:57.389+02:00</sv:value>
      </sv:property>
      <sv:property sv:name="mgnl:createdBy" sv:type="String">
        <sv:value>superuser</sv:value>
      </sv:property>
      <sv:property sv:name="mgnl:lastActivated" sv:type="Date">
        <sv:value>2022-12-15T09:29:21.716+01:00</sv:value>
      </sv:property>
      <sv:property sv:name="mgnl:lastActivatedBy" sv:type="String">
        <sv:value>superuser</sv:value>
      </sv:property>
      <sv:property sv:name="mgnl:lastModified" sv:type="Date">
        <sv:value>2022-11-14T15:30:11.162+01:00</sv:value>
      </sv:property>
      <sv:property sv:name="mgnl:lastModifiedBy" sv:type="String">
        <sv:value>superuser</sv:value>
      </sv:property>
      <sv:property sv:name="packId" sv:type="String">
        <sv:value>270</sv:value>
      </sv:property>
      <sv:property sv:name="productCode" sv:type="String">
        <sv:value>6</sv:value>
      </sv:property>
    </sv:node>
    <sv:node sv:name="12">
      <sv:property sv:name="jcr:primaryType" sv:type="Name">
        <sv:value>mgnl:document</sv:value>
      </sv:property>
      <sv:property sv:name="jcr:uuid" sv:type="String">
        <sv:value>56e3e5be-d658-4f23-8170-79a11207a5a7</sv:value>
      </sv:property>
      <sv:property sv:name="description" sv:type="String">
        <sv:value>Medical questionnaire</sv:value>
      </sv:property>
      <sv:property sv:name="docId" sv:type="String">
        <sv:value>2513</sv:value>
      </sv:property>
      <sv:property sv:name="insuranceType" sv:type="String">
        <sv:value>27</sv:value>
      </sv:property>
      <sv:property sv:name="mgnl:activationStatus" sv:type="Boolean">
        <sv:value>true</sv:value>
      </sv:property>
      <sv:property sv:name="mgnl:created" sv:type="Date">
        <sv:value>2022-09-02T09:06:57.393+02:00</sv:value>
      </sv:property>
      <sv:property sv:name="mgnl:createdBy" sv:type="String">
        <sv:value>superuser</sv:value>
      </sv:property>
      <sv:property sv:name="mgnl:lastActivated" sv:type="Date">
        <sv:value>2022-12-15T09:29:20.283+01:00</sv:value>
      </sv:property>
      <sv:property sv:name="mgnl:lastActivatedBy" sv:type="String">
        <sv:value>superuser</sv:value>
      </sv:property>
      <sv:property sv:name="mgnl:lastModified" sv:type="Date">
        <sv:value>2022-12-15T09:28:55.209+01:00</sv:value>
      </sv:property>
      <sv:property sv:name="mgnl:lastModifiedBy" sv:type="String">
        <sv:value>superuser</sv:value>
      </sv:property>
      <sv:property sv:name="occurrence" sv:type="String">
        <sv:value>ONE_PER_PERSON</sv:value>
      </sv:property>
    </sv:node>
    <sv:node sv:name="13">
      <sv:property sv:name="jcr:primaryType" sv:type="Name">
        <sv:value>mgnl:document</sv:value>
      </sv:property>
      <sv:property sv:name="jcr:uuid" sv:type="String">
        <sv:value>0923171e-dfde-4dde-828f-fd74ccced24e</sv:value>
      </sv:property>
      <sv:property sv:name="description" sv:type="String">
        <sv:value>Declaration on honor - already insured/reduced waiting period</sv:value>
      </sv:property>
      <sv:property sv:name="docId" sv:type="String">
        <sv:value>3117</sv:value>
      </sv:property>
      <sv:property sv:name="insuranceType" sv:type="String">
        <sv:value/>
      </sv:property>
      <sv:property sv:name="mgnl:activationStatus" sv:type="Boolean">
        <sv:value>true</sv:value>
      </sv:property>
      <sv:property sv:name="mgnl:created" sv:type="Date">
        <sv:value>2022-09-02T09:06:57.397+02:00</sv:value>
      </sv:property>
      <sv:property sv:name="mgnl:createdBy" sv:type="String">
        <sv:value>superuser</sv:value>
      </sv:property>
      <sv:property sv:name="mgnl:lastActivated" sv:type="Date">
        <sv:value>2022-12-15T09:29:18.991+01:00</sv:value>
      </sv:property>
      <sv:property sv:name="mgnl:lastActivatedBy" sv:type="String">
        <sv:value>superuser</sv:value>
      </sv:property>
      <sv:property sv:name="mgnl:lastModified" sv:type="Date">
        <sv:value>2022-09-19T14:59:16.138+02:00</sv:value>
      </sv:property>
      <sv:property sv:name="mgnl:lastModifiedBy" sv:type="String">
        <sv:value>superuser</sv:value>
      </sv:property>
      <sv:property sv:name="packId" sv:type="String">
        <sv:value/>
      </sv:property>
      <sv:property sv:name="productCode" sv:type="String">
        <sv:value/>
      </sv:property>
    </sv:node>
    <sv:node sv:name="15">
      <sv:property sv:name="jcr:primaryType" sv:type="Name">
        <sv:value>mgnl:document</sv:value>
      </sv:property>
      <sv:property sv:name="jcr:uuid" sv:type="String">
        <sv:value>69cb1377-3b0b-4e94-9a69-ddec4c10b735</sv:value>
      </sv:property>
      <sv:property sv:name="description" sv:type="String">
        <sv:value>Desaffiliation (PAC to TIT)</sv:value>
      </sv:property>
      <sv:property sv:name="docId" sv:type="String">
        <sv:value>5335</sv:value>
      </sv:property>
      <sv:property sv:name="mgnl:activationStatus" sv:type="Boolean">
        <sv:value>true</sv:value>
      </sv:property>
      <sv:property sv:name="mgnl:created" sv:type="Date">
        <sv:value>2022-09-02T09:06:57.400+02:00</sv:value>
      </sv:property>
      <sv:property sv:name="mgnl:createdBy" sv:type="String">
        <sv:value>superuser</sv:value>
      </sv:property>
      <sv:property sv:name="mgnl:lastActivated" sv:type="Date">
        <sv:value>2022-12-15T09:29:17.879+01:00</sv:value>
      </sv:property>
      <sv:property sv:name="mgnl:lastActivatedBy" sv:type="String">
        <sv:value>superuser</sv:value>
      </sv:property>
      <sv:property sv:name="mgnl:lastModified" sv:type="Date">
        <sv:value>2022-11-14T15:30:59.376+01:00</sv:value>
      </sv:property>
      <sv:property sv:name="mgnl:lastModifiedBy" sv:type="String">
        <sv:value>superuser</sv:value>
      </sv:property>
    </sv:node>
    <sv:node sv:name="16">
      <sv:property sv:name="jcr:primaryType" sv:type="Name">
        <sv:value>mgnl:document</sv:value>
      </sv:property>
      <sv:property sv:name="jcr:uuid" sv:type="String">
        <sv:value>9bf18438-baac-4bfb-800c-fde699715e7c</sv:value>
      </sv:property>
      <sv:property sv:name="description" sv:type="String">
        <sv:value>SEPA</sv:value>
      </sv:property>
      <sv:property sv:name="docId" sv:type="String">
        <sv:value>5336</sv:value>
      </sv:property>
      <sv:property sv:name="mgnl:activationStatus" sv:type="Boolean">
        <sv:value>true</sv:value>
      </sv:property>
      <sv:property sv:name="mgnl:created" sv:type="Date">
        <sv:value>2022-09-02T09:06:57.404+02:00</sv:value>
      </sv:property>
      <sv:property sv:name="mgnl:createdBy" sv:type="String">
        <sv:value>superuser</sv:value>
      </sv:property>
      <sv:property sv:name="mgnl:lastActivated" sv:type="Date">
        <sv:value>2022-12-15T09:29:16.971+01:00</sv:value>
      </sv:property>
      <sv:property sv:name="mgnl:lastActivatedBy" sv:type="String">
        <sv:value>superuser</sv:value>
      </sv:property>
      <sv:property sv:name="mgnl:lastModified" sv:type="Date">
        <sv:value>2022-11-14T15:31:07.984+01:00</sv:value>
      </sv:property>
      <sv:property sv:name="mgnl:lastModifiedBy" sv:type="String">
        <sv:value>superuser</sv:value>
      </sv:property>
    </sv:node>
  </sv:node>
  <sv:node sv:name="526">
    <sv:property sv:name="jcr:primaryType" sv:type="Name">
      <sv:value>mgnl:folder</sv:value>
    </sv:property>
    <sv:property sv:name="jcr:mixinTypes" sv:type="Name" sv:multiple="true">
      <sv:value>mgnl:hasVersion</sv:value>
    </sv:property>
    <sv:property sv:name="jcr:uuid" sv:type="String">
      <sv:value>d32a48b6-5f34-4ac7-9528-943c26addd4c</sv:value>
    </sv:property>
    <sv:property sv:name="mgnl:activationStatus" sv:type="Boolean">
      <sv:value>true</sv:value>
    </sv:property>
    <sv:property sv:name="mgnl:created" sv:type="Date">
      <sv:value>2023-01-03T13:34:52.912+01:00</sv:value>
    </sv:property>
    <sv:property sv:name="mgnl:createdBy" sv:type="String">
      <sv:value>superuser</sv:value>
    </sv:property>
    <sv:property sv:name="mgnl:lastActivated" sv:type="Date">
      <sv:value>2023-01-13T10:32:59.615+01:00</sv:value>
    </sv:property>
    <sv:property sv:name="mgnl:lastActivatedBy" sv:type="String">
      <sv:value>M526LBFL</sv:value>
    </sv:property>
    <sv:property sv:name="mgnl:lastActivatedVersion" sv:type="String">
      <sv:value>1.0</sv:value>
    </sv:property>
    <sv:property sv:name="mgnl:lastActivatedVersionCreated" sv:type="Date">
      <sv:value>2023-01-13T10:32:59.206+01:00</sv:value>
    </sv:property>
    <sv:property sv:name="mgnl:lastModified" sv:type="Date">
      <sv:value>2023-01-03T13:34:52.912+01:00</sv:value>
    </sv:property>
    <sv:property sv:name="mgnl:lastModifiedBy" sv:type="String">
      <sv:value>superuser</sv:value>
    </sv:property>
    <sv:node sv:name="A">
      <sv:property sv:name="jcr:primaryType" sv:type="Name">
        <sv:value>mgnl:document</sv:value>
      </sv:property>
      <sv:property sv:name="jcr:mixinTypes" sv:type="Name" sv:multiple="true">
        <sv:value>mgnl:hasVersion</sv:value>
      </sv:property>
      <sv:property sv:name="jcr:uuid" sv:type="String">
        <sv:value>598a6fd8-a578-43c9-bed7-2953de4564cc</sv:value>
      </sv:property>
      <sv:property sv:name="description" sv:type="String">
        <sv:value>Accompanying letter affiliation/mutation</sv:value>
      </sv:property>
      <sv:property sv:name="docId" sv:type="String">
        <sv:value>371</sv:value>
      </sv:property>
      <sv:property sv:name="docId_en" sv:type="String">
        <sv:value>375</sv:value>
      </sv:property>
      <sv:property sv:name="docId_fr" sv:type="String">
        <sv:value>373</sv:value>
      </sv:property>
      <sv:property sv:name="insuranceType" sv:type="String">
        <sv:value/>
      </sv:property>
      <sv:property sv:name="mgnl:activationStatus" sv:type="Boolean">
        <sv:value>true</sv:value>
      </sv:property>
      <sv:property sv:name="mgnl:created" sv:type="Date">
        <sv:value>2023-01-03T13:34:52.920+01:00</sv:value>
      </sv:property>
      <sv:property sv:name="mgnl:createdBy" sv:type="String">
        <sv:value>superuser</sv:value>
      </sv:property>
      <sv:property sv:name="mgnl:lastActivated" sv:type="Date">
        <sv:value>2023-02-02T11:59:28.977+01:00</sv:value>
      </sv:property>
      <sv:property sv:name="mgnl:lastActivatedBy" sv:type="String">
        <sv:value>superuser</sv:value>
      </sv:property>
      <sv:property sv:name="mgnl:lastModified" sv:type="Date">
        <sv:value>2023-01-03T13:34:52.920+01:00</sv:value>
      </sv:property>
      <sv:property sv:name="mgnl:lastModifiedBy" sv:type="String">
        <sv:value>superuser</sv:value>
      </sv:property>
      <sv:property sv:name="productCode" sv:type="String">
        <sv:value/>
      </sv:property>
    </sv:node>
    <sv:node sv:name="B">
      <sv:property sv:name="jcr:primaryType" sv:type="Name">
        <sv:value>mgnl:document</sv:value>
      </sv:property>
      <sv:property sv:name="jcr:mixinTypes" sv:type="Name" sv:multiple="true">
        <sv:value>mgnl:hasVersion</sv:value>
      </sv:property>
      <sv:property sv:name="jcr:uuid" sv:type="String">
        <sv:value>d250df40-34b8-4c8a-a2a8-fea608067204</sv:value>
      </sv:property>
      <sv:property sv:name="description" sv:type="String">
        <sv:value>Accompanying letter upsell/PAC becomes TIT</sv:value>
      </sv:property>
      <sv:property sv:name="docId" sv:type="String">
        <sv:value>370</sv:value>
      </sv:property>
      <sv:property sv:name="docId_en" sv:type="String">
        <sv:value>374</sv:value>
      </sv:property>
      <sv:property sv:name="docId_fr" sv:type="String">
        <sv:value>372</sv:value>
      </sv:property>
      <sv:property sv:name="insuranceType" sv:type="String">
        <sv:value/>
      </sv:property>
      <sv:property sv:name="mgnl:activationStatus" sv:type="Boolean">
        <sv:value>true</sv:value>
      </sv:property>
      <sv:property sv:name="mgnl:created" sv:type="Date">
        <sv:value>2023-01-03T13:34:52.927+01:00</sv:value>
      </sv:property>
      <sv:property sv:name="mgnl:createdBy" sv:type="String">
        <sv:value>superuser</sv:value>
      </sv:property>
      <sv:property sv:name="mgnl:lastActivated" sv:type="Date">
        <sv:value>2023-02-02T11:59:25.903+01:00</sv:value>
      </sv:property>
      <sv:property sv:name="mgnl:lastActivatedBy" sv:type="String">
        <sv:value>superuser</sv:value>
      </sv:property>
      <sv:property sv:name="mgnl:lastModified" sv:type="Date">
        <sv:value>2023-01-03T13:34:52.927+01:00</sv:value>
      </sv:property>
      <sv:property sv:name="mgnl:lastModifiedBy" sv:type="String">
        <sv:value>superuser</sv:value>
      </sv:property>
      <sv:property sv:name="productCode" sv:type="String">
        <sv:value/>
      </sv:property>
    </sv:node>
    <sv:node sv:name="1">
      <sv:property sv:name="jcr:primaryType" sv:type="Name">
        <sv:value>mgnl:document</sv:value>
      </sv:property>
      <sv:property sv:name="jcr:mixinTypes" sv:type="Name" sv:multiple="true">
        <sv:value>mgnl:hasVersion</sv:value>
      </sv:property>
      <sv:property sv:name="jcr:uuid" sv:type="String">
        <sv:value>925ac6b5-db3c-4fba-a0ee-8a6b7bbbad5f</sv:value>
      </sv:property>
      <sv:property sv:name="description" sv:type="String">
        <sv:value>AO</sv:value>
      </sv:property>
      <sv:property sv:name="docId" sv:type="String">
        <sv:value>642</sv:value>
      </sv:property>
      <sv:property sv:name="docId_en" sv:type="String">
        <sv:value>644</sv:value>
      </sv:property>
      <sv:property sv:name="docId_fr" sv:type="String">
        <sv:value>643</sv:value>
      </sv:property>
      <sv:property sv:name="insuranceType" sv:type="String">
        <sv:value>1</sv:value>
      </sv:property>
      <sv:property sv:name="mgnl:activationStatus" sv:type="Boolean">
        <sv:value>true</sv:value>
      </sv:property>
      <sv:property sv:name="mgnl:created" sv:type="Date">
        <sv:value>2023-01-03T13:34:52.933+01:00</sv:value>
      </sv:property>
      <sv:property sv:name="mgnl:createdBy" sv:type="String">
        <sv:value>superuser</sv:value>
      </sv:property>
      <sv:property sv:name="mgnl:lastActivated" sv:type="Date">
        <sv:value>2023-02-02T11:59:22.487+01:00</sv:value>
      </sv:property>
      <sv:property sv:name="mgnl:lastActivatedBy" sv:type="String">
        <sv:value>superuser</sv:value>
      </sv:property>
      <sv:property sv:name="mgnl:lastModified" sv:type="Date">
        <sv:value>2023-01-03T13:34:52.933+01:00</sv:value>
      </sv:property>
      <sv:property sv:name="mgnl:lastModifiedBy" sv:type="String">
        <sv:value>superuser</sv:value>
      </sv:property>
      <sv:property sv:name="productCode" sv:type="String">
        <sv:value>1</sv:value>
      </sv:property>
    </sv:node>
    <sv:node sv:name="2">
      <sv:property sv:name="jcr:primaryType" sv:type="Name">
        <sv:value>mgnl:document</sv:value>
      </sv:property>
      <sv:property sv:name="jcr:mixinTypes" sv:type="Name" sv:multiple="true">
        <sv:value>mgnl:hasVersion</sv:value>
      </sv:property>
      <sv:property sv:name="jcr:uuid" sv:type="String">
        <sv:value>6d0ae3fc-55c8-4623-8f5b-7491ae5bf875</sv:value>
      </sv:property>
      <sv:property sv:name="description" sv:type="String">
        <sv:value>additional document for MUTATION</sv:value>
      </sv:property>
      <sv:property sv:name="docId" sv:type="String">
        <sv:value>647</sv:value>
      </sv:property>
      <sv:property sv:name="docId_en" sv:type="String">
        <sv:value>646</sv:value>
      </sv:property>
      <sv:property sv:name="docId_fr" sv:type="String">
        <sv:value>645</sv:value>
      </sv:property>
      <sv:property sv:name="insuranceType" sv:type="String">
        <sv:value>1</sv:value>
      </sv:property>
      <sv:property sv:name="mgnl:activationStatus" sv:type="Boolean">
        <sv:value>true</sv:value>
      </sv:property>
      <sv:property sv:name="mgnl:created" sv:type="Date">
        <sv:value>2023-01-03T13:34:52.939+01:00</sv:value>
      </sv:property>
      <sv:property sv:name="mgnl:createdBy" sv:type="String">
        <sv:value>superuser</sv:value>
      </sv:property>
      <sv:property sv:name="mgnl:lastActivated" sv:type="Date">
        <sv:value>2023-02-02T11:59:18.876+01:00</sv:value>
      </sv:property>
      <sv:property sv:name="mgnl:lastActivatedBy" sv:type="String">
        <sv:value>superuser</sv:value>
      </sv:property>
      <sv:property sv:name="mgnl:lastModified" sv:type="Date">
        <sv:value>2023-01-03T13:34:52.939+01:00</sv:value>
      </sv:property>
      <sv:property sv:name="mgnl:lastModifiedBy" sv:type="String">
        <sv:value>superuser</sv:value>
      </sv:property>
      <sv:property sv:name="productCode" sv:type="String">
        <sv:value>1</sv:value>
      </sv:property>
    </sv:node>
    <sv:node sv:name="3">
      <sv:property sv:name="jcr:primaryType" sv:type="Name">
        <sv:value>mgnl:document</sv:value>
      </sv:property>
      <sv:property sv:name="jcr:mixinTypes" sv:type="Name" sv:multiple="true">
        <sv:value>mgnl:hasVersion</sv:value>
      </sv:property>
      <sv:property sv:name="jcr:uuid" sv:type="String">
        <sv:value>c6d02436-c985-45d8-94bc-c687283f4d07</sv:value>
      </sv:property>
      <sv:property sv:name="description" sv:type="String">
        <sv:value>Shortened affiliation (PAC to TIT)</sv:value>
      </sv:property>
      <sv:property sv:name="docId" sv:type="String">
        <sv:value>3183</sv:value>
      </sv:property>
      <sv:property sv:name="docId_en" sv:type="String">
        <sv:value>3185</sv:value>
      </sv:property>
      <sv:property sv:name="docId_fr" sv:type="String">
        <sv:value>3184</sv:value>
      </sv:property>
      <sv:property sv:name="insuranceType" sv:type="String">
        <sv:value>1</sv:value>
      </sv:property>
      <sv:property sv:name="mgnl:activationStatus" sv:type="Boolean">
        <sv:value>true</sv:value>
      </sv:property>
      <sv:property sv:name="mgnl:created" sv:type="Date">
        <sv:value>2023-01-03T13:34:52.944+01:00</sv:value>
      </sv:property>
      <sv:property sv:name="mgnl:createdBy" sv:type="String">
        <sv:value>superuser</sv:value>
      </sv:property>
      <sv:property sv:name="mgnl:lastActivated" sv:type="Date">
        <sv:value>2023-02-02T11:59:15.371+01:00</sv:value>
      </sv:property>
      <sv:property sv:name="mgnl:lastActivatedBy" sv:type="String">
        <sv:value>superuser</sv:value>
      </sv:property>
      <sv:property sv:name="mgnl:lastModified" sv:type="Date">
        <sv:value>2023-01-03T13:34:52.944+01:00</sv:value>
      </sv:property>
      <sv:property sv:name="mgnl:lastModifiedBy" sv:type="String">
        <sv:value>superuser</sv:value>
      </sv:property>
      <sv:property sv:name="productCode" sv:type="String">
        <sv:value>1</sv:value>
      </sv:property>
    </sv:node>
    <sv:node sv:name="4">
      <sv:property sv:name="jcr:primaryType" sv:type="Name">
        <sv:value>mgnl:document</sv:value>
      </sv:property>
      <sv:property sv:name="jcr:mixinTypes" sv:type="Name" sv:multiple="true">
        <sv:value>mgnl:hasVersion</sv:value>
      </sv:property>
      <sv:property sv:name="jcr:uuid" sv:type="String">
        <sv:value>db5c6916-2179-4be0-9f4e-cd27e3f65f2f</sv:value>
      </sv:property>
      <sv:property sv:name="description" sv:type="String">
        <sv:value>Dentalia Plus</sv:value>
      </sv:property>
      <sv:property sv:name="docId" sv:type="String">
        <sv:value>639</sv:value>
      </sv:property>
      <sv:property sv:name="docId_en" sv:type="String">
        <sv:value>641</sv:value>
      </sv:property>
      <sv:property sv:name="docId_fr" sv:type="String">
        <sv:value>640</sv:value>
      </sv:property>
      <sv:property sv:name="insuranceType" sv:type="String">
        <sv:value>57</sv:value>
      </sv:property>
      <sv:property sv:name="mgnl:activationStatus" sv:type="Boolean">
        <sv:value>true</sv:value>
      </sv:property>
      <sv:property sv:name="mgnl:created" sv:type="Date">
        <sv:value>2023-01-03T13:34:52.950+01:00</sv:value>
      </sv:property>
      <sv:property sv:name="mgnl:createdBy" sv:type="String">
        <sv:value>superuser</sv:value>
      </sv:property>
      <sv:property sv:name="mgnl:lastActivated" sv:type="Date">
        <sv:value>2023-02-02T11:59:12.175+01:00</sv:value>
      </sv:property>
      <sv:property sv:name="mgnl:lastActivatedBy" sv:type="String">
        <sv:value>superuser</sv:value>
      </sv:property>
      <sv:property sv:name="mgnl:lastModified" sv:type="Date">
        <sv:value>2023-01-03T13:34:52.950+01:00</sv:value>
      </sv:property>
      <sv:property sv:name="mgnl:lastModifiedBy" sv:type="String">
        <sv:value>superuser</sv:value>
      </sv:property>
      <sv:property sv:name="productCode" sv:type="String">
        <sv:value>1</sv:value>
      </sv:property>
    </sv:node>
    <sv:node sv:name="5">
      <sv:property sv:name="jcr:primaryType" sv:type="Name">
        <sv:value>mgnl:document</sv:value>
      </sv:property>
      <sv:property sv:name="jcr:mixinTypes" sv:type="Name" sv:multiple="true">
        <sv:value>mgnl:hasVersion</sv:value>
      </sv:property>
      <sv:property sv:name="jcr:uuid" sv:type="String">
        <sv:value>9ce418cc-2deb-4ef2-a07a-60d65d3d6880</sv:value>
      </sv:property>
      <sv:property sv:name="description" sv:type="String">
        <sv:value>H without warranty serious illness</sv:value>
      </sv:property>
      <sv:property sv:name="docId" sv:type="String">
        <sv:value>639</sv:value>
      </sv:property>
      <sv:property sv:name="docId_en" sv:type="String">
        <sv:value>641</sv:value>
      </sv:property>
      <sv:property sv:name="docId_fr" sv:type="String">
        <sv:value>640</sv:value>
      </sv:property>
      <sv:property sv:name="insuranceType" sv:type="String">
        <sv:value>27</sv:value>
      </sv:property>
      <sv:property sv:name="mgnl:activationStatus" sv:type="Boolean">
        <sv:value>true</sv:value>
      </sv:property>
      <sv:property sv:name="mgnl:created" sv:type="Date">
        <sv:value>2023-01-03T13:34:52.955+01:00</sv:value>
      </sv:property>
      <sv:property sv:name="mgnl:createdBy" sv:type="String">
        <sv:value>superuser</sv:value>
      </sv:property>
      <sv:property sv:name="mgnl:lastActivated" sv:type="Date">
        <sv:value>2023-02-02T11:59:08.587+01:00</sv:value>
      </sv:property>
      <sv:property sv:name="mgnl:lastActivatedBy" sv:type="String">
        <sv:value>superuser</sv:value>
      </sv:property>
      <sv:property sv:name="mgnl:lastModified" sv:type="Date">
        <sv:value>2023-01-03T13:34:52.955+01:00</sv:value>
      </sv:property>
      <sv:property sv:name="mgnl:lastModifiedBy" sv:type="String">
        <sv:value>superuser</sv:value>
      </sv:property>
      <sv:property sv:name="productCode" sv:type="String">
        <sv:value>71</sv:value>
      </sv:property>
    </sv:node>
    <sv:node sv:name="6">
      <sv:property sv:name="jcr:primaryType" sv:type="Name">
        <sv:value>mgnl:document</sv:value>
      </sv:property>
      <sv:property sv:name="jcr:mixinTypes" sv:type="Name" sv:multiple="true">
        <sv:value>mgnl:hasVersion</sv:value>
      </sv:property>
      <sv:property sv:name="jcr:uuid" sv:type="String">
        <sv:value>02939bff-9530-437e-88cf-fd3177ab6879</sv:value>
      </sv:property>
      <sv:property sv:name="description" sv:type="String">
        <sv:value>H with warranty serious illness</sv:value>
      </sv:property>
      <sv:property sv:name="docId" sv:type="String">
        <sv:value>639</sv:value>
      </sv:property>
      <sv:property sv:name="docId_en" sv:type="String">
        <sv:value>641</sv:value>
      </sv:property>
      <sv:property sv:name="docId_fr" sv:type="String">
        <sv:value>640</sv:value>
      </sv:property>
      <sv:property sv:name="insuranceType" sv:type="String">
        <sv:value>27</sv:value>
      </sv:property>
      <sv:property sv:name="mgnl:activationStatus" sv:type="Boolean">
        <sv:value>true</sv:value>
      </sv:property>
      <sv:property sv:name="mgnl:created" sv:type="Date">
        <sv:value>2023-01-03T13:34:52.960+01:00</sv:value>
      </sv:property>
      <sv:property sv:name="mgnl:createdBy" sv:type="String">
        <sv:value>superuser</sv:value>
      </sv:property>
      <sv:property sv:name="mgnl:lastActivated" sv:type="Date">
        <sv:value>2023-02-02T11:59:04.986+01:00</sv:value>
      </sv:property>
      <sv:property sv:name="mgnl:lastActivatedBy" sv:type="String">
        <sv:value>superuser</sv:value>
      </sv:property>
      <sv:property sv:name="mgnl:lastModified" sv:type="Date">
        <sv:value>2023-01-03T13:34:52.960+01:00</sv:value>
      </sv:property>
      <sv:property sv:name="mgnl:lastModifiedBy" sv:type="String">
        <sv:value>superuser</sv:value>
      </sv:property>
      <sv:property sv:name="productCode" sv:type="String">
        <sv:value>1</sv:value>
      </sv:property>
    </sv:node>
    <sv:node sv:name="7">
      <sv:property sv:name="jcr:primaryType" sv:type="Name">
        <sv:value>mgnl:document</sv:value>
      </sv:property>
      <sv:property sv:name="jcr:mixinTypes" sv:type="Name" sv:multiple="true">
        <sv:value>mgnl:hasVersion</sv:value>
      </sv:property>
      <sv:property sv:name="jcr:uuid" sv:type="String">
        <sv:value>5f34cd09-513b-47e0-837e-4d2134990a87</sv:value>
      </sv:property>
      <sv:property sv:name="description" sv:type="String">
        <sv:value>H MEDIUM without warranty serious illness</sv:value>
      </sv:property>
      <sv:property sv:name="docId" sv:type="String">
        <sv:value>639</sv:value>
      </sv:property>
      <sv:property sv:name="docId_en" sv:type="String">
        <sv:value>641</sv:value>
      </sv:property>
      <sv:property sv:name="docId_fr" sv:type="String">
        <sv:value>640</sv:value>
      </sv:property>
      <sv:property sv:name="insuranceType" sv:type="String">
        <sv:value>27</sv:value>
      </sv:property>
      <sv:property sv:name="mgnl:activationStatus" sv:type="Boolean">
        <sv:value>true</sv:value>
      </sv:property>
      <sv:property sv:name="mgnl:created" sv:type="Date">
        <sv:value>2023-01-03T13:34:52.964+01:00</sv:value>
      </sv:property>
      <sv:property sv:name="mgnl:createdBy" sv:type="String">
        <sv:value>superuser</sv:value>
      </sv:property>
      <sv:property sv:name="mgnl:lastActivated" sv:type="Date">
        <sv:value>2023-02-02T11:59:01.579+01:00</sv:value>
      </sv:property>
      <sv:property sv:name="mgnl:lastActivatedBy" sv:type="String">
        <sv:value>superuser</sv:value>
      </sv:property>
      <sv:property sv:name="mgnl:lastModified" sv:type="Date">
        <sv:value>2023-01-03T13:34:52.964+01:00</sv:value>
      </sv:property>
      <sv:property sv:name="mgnl:lastModifiedBy" sv:type="String">
        <sv:value>superuser</sv:value>
      </sv:property>
      <sv:property sv:name="productCode" sv:type="String">
        <sv:value>72</sv:value>
      </sv:property>
    </sv:node>
    <sv:node sv:name="8">
      <sv:property sv:name="jcr:primaryType" sv:type="Name">
        <sv:value>mgnl:document</sv:value>
      </sv:property>
      <sv:property sv:name="jcr:mixinTypes" sv:type="Name" sv:multiple="true">
        <sv:value>mgnl:hasVersion</sv:value>
      </sv:property>
      <sv:property sv:name="jcr:uuid" sv:type="String">
        <sv:value>ef5315ef-d4d2-4960-bdb9-398f55f402cc</sv:value>
      </sv:property>
      <sv:property sv:name="description" sv:type="String">
        <sv:value>H MEDIUM with warranty serious illness</sv:value>
      </sv:property>
      <sv:property sv:name="docId" sv:type="String">
        <sv:value>639</sv:value>
      </sv:property>
      <sv:property sv:name="docId_en" sv:type="String">
        <sv:value>641</sv:value>
      </sv:property>
      <sv:property sv:name="docId_fr" sv:type="String">
        <sv:value>640</sv:value>
      </sv:property>
      <sv:property sv:name="insuranceType" sv:type="String">
        <sv:value>27</sv:value>
      </sv:property>
      <sv:property sv:name="mgnl:activationStatus" sv:type="Boolean">
        <sv:value>true</sv:value>
      </sv:property>
      <sv:property sv:name="mgnl:created" sv:type="Date">
        <sv:value>2023-01-03T13:34:52.992+01:00</sv:value>
      </sv:property>
      <sv:property sv:name="mgnl:createdBy" sv:type="String">
        <sv:value>superuser</sv:value>
      </sv:property>
      <sv:property sv:name="mgnl:lastActivated" sv:type="Date">
        <sv:value>2023-02-02T11:58:57.980+01:00</sv:value>
      </sv:property>
      <sv:property sv:name="mgnl:lastActivatedBy" sv:type="String">
        <sv:value>superuser</sv:value>
      </sv:property>
      <sv:property sv:name="mgnl:lastModified" sv:type="Date">
        <sv:value>2023-01-03T13:34:52.992+01:00</sv:value>
      </sv:property>
      <sv:property sv:name="mgnl:lastModifiedBy" sv:type="String">
        <sv:value>superuser</sv:value>
      </sv:property>
      <sv:property sv:name="productCode" sv:type="String">
        <sv:value>11</sv:value>
      </sv:property>
    </sv:node>
    <sv:node sv:name="9">
      <sv:property sv:name="jcr:primaryType" sv:type="Name">
        <sv:value>mgnl:document</sv:value>
      </sv:property>
      <sv:property sv:name="jcr:mixinTypes" sv:type="Name" sv:multiple="true">
        <sv:value>mgnl:hasVersion</sv:value>
      </sv:property>
      <sv:property sv:name="jcr:uuid" sv:type="String">
        <sv:value>845d4297-539e-4037-bec6-d0124383fd5f</sv:value>
      </sv:property>
      <sv:property sv:name="description" sv:type="String">
        <sv:value>H PLUS without warranty serious illness</sv:value>
      </sv:property>
      <sv:property sv:name="docId" sv:type="String">
        <sv:value>639</sv:value>
      </sv:property>
      <sv:property sv:name="docId_en" sv:type="String">
        <sv:value>641</sv:value>
      </sv:property>
      <sv:property sv:name="docId_fr" sv:type="String">
        <sv:value>640</sv:value>
      </sv:property>
      <sv:property sv:name="insuranceType" sv:type="String">
        <sv:value>27</sv:value>
      </sv:property>
      <sv:property sv:name="mgnl:activationStatus" sv:type="Boolean">
        <sv:value>true</sv:value>
      </sv:property>
      <sv:property sv:name="mgnl:created" sv:type="Date">
        <sv:value>2023-01-03T13:34:52.997+01:00</sv:value>
      </sv:property>
      <sv:property sv:name="mgnl:createdBy" sv:type="String">
        <sv:value>superuser</sv:value>
      </sv:property>
      <sv:property sv:name="mgnl:lastActivated" sv:type="Date">
        <sv:value>2023-02-02T11:58:54.675+01:00</sv:value>
      </sv:property>
      <sv:property sv:name="mgnl:lastActivatedBy" sv:type="String">
        <sv:value>superuser</sv:value>
      </sv:property>
      <sv:property sv:name="mgnl:lastModified" sv:type="Date">
        <sv:value>2023-01-03T13:34:52.997+01:00</sv:value>
      </sv:property>
      <sv:property sv:name="mgnl:lastModifiedBy" sv:type="String">
        <sv:value>superuser</sv:value>
      </sv:property>
      <sv:property sv:name="productCode" sv:type="String">
        <sv:value>73</sv:value>
      </sv:property>
    </sv:node>
    <sv:node sv:name="10">
      <sv:property sv:name="jcr:primaryType" sv:type="Name">
        <sv:value>mgnl:document</sv:value>
      </sv:property>
      <sv:property sv:name="jcr:mixinTypes" sv:type="Name" sv:multiple="true">
        <sv:value>mgnl:hasVersion</sv:value>
      </sv:property>
      <sv:property sv:name="jcr:uuid" sv:type="String">
        <sv:value>7b06f565-0df1-4891-97a4-4a30404e4e6c</sv:value>
      </sv:property>
      <sv:property sv:name="description" sv:type="String">
        <sv:value>H PLUS with warranty serious illness</sv:value>
      </sv:property>
      <sv:property sv:name="docId" sv:type="String">
        <sv:value>639</sv:value>
      </sv:property>
      <sv:property sv:name="docId_en" sv:type="String">
        <sv:value>641</sv:value>
      </sv:property>
      <sv:property sv:name="docId_fr" sv:type="String">
        <sv:value>640</sv:value>
      </sv:property>
      <sv:property sv:name="insuranceType" sv:type="String">
        <sv:value>27</sv:value>
      </sv:property>
      <sv:property sv:name="mgnl:activationStatus" sv:type="Boolean">
        <sv:value>true</sv:value>
      </sv:property>
      <sv:property sv:name="mgnl:created" sv:type="Date">
        <sv:value>2023-01-03T13:34:53.002+01:00</sv:value>
      </sv:property>
      <sv:property sv:name="mgnl:createdBy" sv:type="String">
        <sv:value>superuser</sv:value>
      </sv:property>
      <sv:property sv:name="mgnl:lastActivated" sv:type="Date">
        <sv:value>2023-02-02T11:58:51.675+01:00</sv:value>
      </sv:property>
      <sv:property sv:name="mgnl:lastActivatedBy" sv:type="String">
        <sv:value>superuser</sv:value>
      </sv:property>
      <sv:property sv:name="mgnl:lastModified" sv:type="Date">
        <sv:value>2023-01-03T13:34:53.002+01:00</sv:value>
      </sv:property>
      <sv:property sv:name="mgnl:lastModifiedBy" sv:type="String">
        <sv:value>superuser</sv:value>
      </sv:property>
      <sv:property sv:name="productCode" sv:type="String">
        <sv:value>12</sv:value>
      </sv:property>
    </sv:node>
    <sv:node sv:name="11">
      <sv:property sv:name="jcr:primaryType" sv:type="Name">
        <sv:value>mgnl:document</sv:value>
      </sv:property>
      <sv:property sv:name="jcr:mixinTypes" sv:type="Name" sv:multiple="true">
        <sv:value>mgnl:hasVersion</sv:value>
      </sv:property>
      <sv:property sv:name="jcr:uuid" sv:type="String">
        <sv:value>24613f92-229a-454d-b9f2-7fe2e98e9559</sv:value>
      </sv:property>
      <sv:property sv:name="description" sv:type="String">
        <sv:value>H CONT</sv:value>
      </sv:property>
      <sv:property sv:name="docId" sv:type="String">
        <sv:value>639</sv:value>
      </sv:property>
      <sv:property sv:name="docId_en" sv:type="String">
        <sv:value>641</sv:value>
      </sv:property>
      <sv:property sv:name="docId_fr" sv:type="String">
        <sv:value>640</sv:value>
      </sv:property>
      <sv:property sv:name="insuranceType" sv:type="String">
        <sv:value>27</sv:value>
      </sv:property>
      <sv:property sv:name="mgnl:activationStatus" sv:type="Boolean">
        <sv:value>true</sv:value>
      </sv:property>
      <sv:property sv:name="mgnl:created" sv:type="Date">
        <sv:value>2023-01-03T13:34:53.007+01:00</sv:value>
      </sv:property>
      <sv:property sv:name="mgnl:createdBy" sv:type="String">
        <sv:value>superuser</sv:value>
      </sv:property>
      <sv:property sv:name="mgnl:lastActivated" sv:type="Date">
        <sv:value>2023-02-02T11:58:47.927+01:00</sv:value>
      </sv:property>
      <sv:property sv:name="mgnl:lastActivatedBy" sv:type="String">
        <sv:value>superuser</sv:value>
      </sv:property>
      <sv:property sv:name="mgnl:lastModified" sv:type="Date">
        <sv:value>2023-01-03T13:34:53.007+01:00</sv:value>
      </sv:property>
      <sv:property sv:name="mgnl:lastModifiedBy" sv:type="String">
        <sv:value>superuser</sv:value>
      </sv:property>
      <sv:property sv:name="productCode" sv:type="String">
        <sv:value>6</sv:value>
      </sv:property>
    </sv:node>
    <sv:node sv:name="12">
      <sv:property sv:name="jcr:primaryType" sv:type="Name">
        <sv:value>mgnl:document</sv:value>
      </sv:property>
      <sv:property sv:name="jcr:mixinTypes" sv:type="Name" sv:multiple="true">
        <sv:value>mgnl:hasVersion</sv:value>
      </sv:property>
      <sv:property sv:name="jcr:uuid" sv:type="String">
        <sv:value>b7dd2fde-866f-4783-86db-429e13763d1d</sv:value>
      </sv:property>
      <sv:property sv:name="description" sv:type="String">
        <sv:value>Medical questionnaire</sv:value>
      </sv:property>
      <sv:property sv:name="docId" sv:type="String">
        <sv:value>80</sv:value>
      </sv:property>
      <sv:property sv:name="docId_en" sv:type="String">
        <sv:value>317</sv:value>
      </sv:property>
      <sv:property sv:name="docId_fr" sv:type="String">
        <sv:value>82</sv:value>
      </sv:property>
      <sv:property sv:name="insuranceType" sv:type="String">
        <sv:value>27</sv:value>
      </sv:property>
      <sv:property sv:name="mgnl:activationStatus" sv:type="Boolean">
        <sv:value>true</sv:value>
      </sv:property>
      <sv:property sv:name="mgnl:created" sv:type="Date">
        <sv:value>2023-01-03T13:34:53.011+01:00</sv:value>
      </sv:property>
      <sv:property sv:name="mgnl:createdBy" sv:type="String">
        <sv:value>superuser</sv:value>
      </sv:property>
      <sv:property sv:name="mgnl:lastActivated" sv:type="Date">
        <sv:value>2023-02-02T11:58:45.188+01:00</sv:value>
      </sv:property>
      <sv:property sv:name="mgnl:lastActivatedBy" sv:type="String">
        <sv:value>superuser</sv:value>
      </sv:property>
      <sv:property sv:name="mgnl:lastModified" sv:type="Date">
        <sv:value>2023-01-13T14:47:21.587+01:00</sv:value>
      </sv:property>
      <sv:property sv:name="mgnl:lastModifiedBy" sv:type="String">
        <sv:value>m509mren</sv:value>
      </sv:property>
      <sv:property sv:name="occurrence" sv:type="String">
        <sv:value>ONE_PER_PERSON</sv:value>
      </sv:property>
    </sv:node>
    <sv:node sv:name="13">
      <sv:property sv:name="jcr:primaryType" sv:type="Name">
        <sv:value>mgnl:document</sv:value>
      </sv:property>
      <sv:property sv:name="jcr:mixinTypes" sv:type="Name" sv:multiple="true">
        <sv:value>mgnl:hasVersion</sv:value>
      </sv:property>
      <sv:property sv:name="jcr:uuid" sv:type="String">
        <sv:value>47007ef0-8f6b-4a27-89c4-0204e63de9c5</sv:value>
      </sv:property>
      <sv:property sv:name="description" sv:type="String">
        <sv:value>Declaration on honor - already insured/reduced waiting period</sv:value>
      </sv:property>
      <sv:property sv:name="docId" sv:type="String">
        <sv:value>3246</sv:value>
      </sv:property>
      <sv:property sv:name="docId_en" sv:type="String">
        <sv:value>510</sv:value>
      </sv:property>
      <sv:property sv:name="docId_fr" sv:type="String">
        <sv:value>509</sv:value>
      </sv:property>
      <sv:property sv:name="mgnl:activationStatus" sv:type="Boolean">
        <sv:value>true</sv:value>
      </sv:property>
      <sv:property sv:name="mgnl:created" sv:type="Date">
        <sv:value>2023-01-03T13:34:53.017+01:00</sv:value>
      </sv:property>
      <sv:property sv:name="mgnl:createdBy" sv:type="String">
        <sv:value>superuser</sv:value>
      </sv:property>
      <sv:property sv:name="mgnl:lastActivated" sv:type="Date">
        <sv:value>2023-02-02T11:58:41.472+01:00</sv:value>
      </sv:property>
      <sv:property sv:name="mgnl:lastActivatedBy" sv:type="String">
        <sv:value>superuser</sv:value>
      </sv:property>
      <sv:property sv:name="mgnl:lastModified" sv:type="Date">
        <sv:value>2023-01-19T13:04:39.426+01:00</sv:value>
      </sv:property>
      <sv:property sv:name="mgnl:lastModifiedBy" sv:type="String">
        <sv:value>M526LBFL</sv:value>
      </sv:property>
      <sv:property sv:name="occurrence" sv:type="String">
        <sv:value>ONE_PER_AFFILIATION</sv:value>
      </sv:property>
    </sv:node>
    <sv:node sv:name="14">
      <sv:property sv:name="jcr:primaryType" sv:type="Name">
        <sv:value>mgnl:document</sv:value>
      </sv:property>
      <sv:property sv:name="jcr:mixinTypes" sv:type="Name" sv:multiple="true">
        <sv:value>mgnl:hasVersion</sv:value>
      </sv:property>
      <sv:property sv:name="jcr:uuid" sv:type="String">
        <sv:value>384d20ae-d450-47b4-9354-1f423e075b67</sv:value>
      </sv:property>
      <sv:property sv:name="description" sv:type="String">
        <sv:value>Declaration on honor - group insurance</sv:value>
      </sv:property>
      <sv:property sv:name="docId" sv:type="String">
        <sv:value>3242</sv:value>
      </sv:property>
      <sv:property sv:name="docId_en" sv:type="String">
        <sv:value>3244</sv:value>
      </sv:property>
      <sv:property sv:name="docId_fr" sv:type="String">
        <sv:value>3243</sv:value>
      </sv:property>
      <sv:property sv:name="insuranceType" sv:type="String">
        <sv:value>27</sv:value>
      </sv:property>
      <sv:property sv:name="mgnl:activationStatus" sv:type="Boolean">
        <sv:value>true</sv:value>
      </sv:property>
      <sv:property sv:name="mgnl:created" sv:type="Date">
        <sv:value>2023-01-03T13:34:53.022+01:00</sv:value>
      </sv:property>
      <sv:property sv:name="mgnl:createdBy" sv:type="String">
        <sv:value>superuser</sv:value>
      </sv:property>
      <sv:property sv:name="mgnl:lastActivated" sv:type="Date">
        <sv:value>2023-02-02T11:58:37.676+01:00</sv:value>
      </sv:property>
      <sv:property sv:name="mgnl:lastActivatedBy" sv:type="String">
        <sv:value>superuser</sv:value>
      </sv:property>
      <sv:property sv:name="mgnl:lastModified" sv:type="Date">
        <sv:value>2023-02-02T11:57:53.311+01:00</sv:value>
      </sv:property>
      <sv:property sv:name="mgnl:lastModifiedBy" sv:type="String">
        <sv:value>superuser</sv:value>
      </sv:property>
      <sv:property sv:name="occurrence" sv:type="String">
        <sv:value>ONE_PER_FAMILY</sv:value>
      </sv:property>
      <sv:property sv:name="productCode" sv:type="String">
        <sv:value>6</sv:value>
      </sv:property>
    </sv:node>
    <sv:node sv:name="15">
      <sv:property sv:name="jcr:primaryType" sv:type="Name">
        <sv:value>mgnl:document</sv:value>
      </sv:property>
      <sv:property sv:name="jcr:mixinTypes" sv:type="Name" sv:multiple="true">
        <sv:value>mgnl:hasVersion</sv:value>
      </sv:property>
      <sv:property sv:name="jcr:uuid" sv:type="String">
        <sv:value>c151ad85-241e-4d52-8d09-e71c255c2b2f</sv:value>
      </sv:property>
      <sv:property sv:name="description" sv:type="String">
        <sv:value>Desaffiliation (PAC to TIT)</sv:value>
      </sv:property>
      <sv:property sv:name="docId" sv:type="String">
        <sv:value>3186</sv:value>
      </sv:property>
      <sv:property sv:name="docId_en" sv:type="String">
        <sv:value>3193</sv:value>
      </sv:property>
      <sv:property sv:name="docId_fr" sv:type="String">
        <sv:value>3187</sv:value>
      </sv:property>
      <sv:property sv:name="mgnl:activationStatus" sv:type="Boolean">
        <sv:value>true</sv:value>
      </sv:property>
      <sv:property sv:name="mgnl:created" sv:type="Date">
        <sv:value>2023-01-03T13:34:53.026+01:00</sv:value>
      </sv:property>
      <sv:property sv:name="mgnl:createdBy" sv:type="String">
        <sv:value>superuser</sv:value>
      </sv:property>
      <sv:property sv:name="mgnl:lastActivated" sv:type="Date">
        <sv:value>2023-02-03T08:42:32.289+01:00</sv:value>
      </sv:property>
      <sv:property sv:name="mgnl:lastActivatedBy" sv:type="String">
        <sv:value>superuser</sv:value>
      </sv:property>
      <sv:property sv:name="mgnl:lastActivatedVersion" sv:type="String">
        <sv:value>1.2</sv:value>
      </sv:property>
      <sv:property sv:name="mgnl:lastActivatedVersionCreated" sv:type="Date">
        <sv:value>2023-02-03T08:42:30.323+01:00</sv:value>
      </sv:property>
      <sv:property sv:name="mgnl:lastModified" sv:type="Date">
        <sv:value>2023-02-03T08:42:27.818+01:00</sv:value>
      </sv:property>
      <sv:property sv:name="mgnl:lastModifiedBy" sv:type="String">
        <sv:value>superuser</sv:value>
      </sv:property>
      <sv:property sv:name="occurrence" sv:type="String">
        <sv:value>ONE_PER_FAMILY</sv:value>
      </sv:property>
    </sv:node>
    <sv:node sv:name="16">
      <sv:property sv:name="jcr:primaryType" sv:type="Name">
        <sv:value>mgnl:document</sv:value>
      </sv:property>
      <sv:property sv:name="jcr:mixinTypes" sv:type="Name" sv:multiple="true">
        <sv:value>mgnl:hasVersion</sv:value>
      </sv:property>
      <sv:property sv:name="jcr:uuid" sv:type="String">
        <sv:value>7a268f3b-f08f-45ee-b337-9291c83bfe29</sv:value>
      </sv:property>
      <sv:property sv:name="description" sv:type="String">
        <sv:value>SEPA</sv:value>
      </sv:property>
      <sv:property sv:name="docId" sv:type="String">
        <sv:value>648</sv:value>
      </sv:property>
      <sv:property sv:name="docId_en" sv:type="String">
        <sv:value>650</sv:value>
      </sv:property>
      <sv:property sv:name="docId_fr" sv:type="String">
        <sv:value>649</sv:value>
      </sv:property>
      <sv:property sv:name="insuranceType" sv:type="String">
        <sv:value/>
      </sv:property>
      <sv:property sv:name="mgnl:activationStatus" sv:type="Boolean">
        <sv:value>true</sv:value>
      </sv:property>
      <sv:property sv:name="mgnl:created" sv:type="Date">
        <sv:value>2023-01-03T13:34:53.031+01:00</sv:value>
      </sv:property>
      <sv:property sv:name="mgnl:createdBy" sv:type="String">
        <sv:value>superuser</sv:value>
      </sv:property>
      <sv:property sv:name="mgnl:lastActivated" sv:type="Date">
        <sv:value>2023-02-02T11:58:30.073+01:00</sv:value>
      </sv:property>
      <sv:property sv:name="mgnl:lastActivatedBy" sv:type="String">
        <sv:value>superuser</sv:value>
      </sv:property>
      <sv:property sv:name="mgnl:lastModified" sv:type="Date">
        <sv:value>2023-01-03T13:34:53.031+01:00</sv:value>
      </sv:property>
      <sv:property sv:name="mgnl:lastModifiedBy" sv:type="String">
        <sv:value>superuser</sv:value>
      </sv:property>
      <sv:property sv:name="productCode" sv:type="String">
        <sv:value/>
      </sv:property>
    </sv:node>
  </sv:node>
</sv:node>
