<?xml version="1.0" encoding="UTF-8"?>
<sv:node xmlns:sv="http://www.jcp.org/jcr/sv/1.0" xmlns:xsi="http://www.w3.org/2001/XMLSchema-instance" sv:name="jcr:root">
  <sv:property sv:name="jcr:primaryType" sv:type="Name">
    <sv:value>rep:root</sv:value>
  </sv:property>
  <sv:node sv:name="editors">
    <sv:property sv:name="jcr:primaryType" sv:type="Name">
      <sv:value>mgnl:group</sv:value>
    </sv:property>
    <sv:property sv:name="jcr:uuid" sv:type="String">
      <sv:value>5e6895a6-aca3-4fed-9d38-216e3b889f2a</sv:value>
    </sv:property>
    <sv:property sv:name="description" sv:type="String">
      <sv:value>This group was created by the workflow module, and its users registered upon its installation.</sv:value>
    </sv:property>
    <sv:property sv:name="mgnl:activationStatus" sv:type="Boolean">
      <sv:value>true</sv:value>
    </sv:property>
    <sv:property sv:name="mgnl:created" sv:type="Date">
      <sv:value>2006-05-31T10:14:11.659+02:00</sv:value>
    </sv:property>
    <sv:property sv:name="mgnl:lastActivated" sv:type="Date">
      <sv:value>2013-08-28T14:59:30.985+02:00</sv:value>
    </sv:property>
    <sv:property sv:name="mgnl:lastActivatedBy" sv:type="String">
      <sv:value>superuser</sv:value>
    </sv:property>
    <sv:property sv:name="mgnl:lastModified" sv:type="Date">
      <sv:value>2013-08-28T14:20:52.858+02:00</sv:value>
    </sv:property>
    <sv:property sv:name="mgnl:lastModifiedBy" sv:type="String">
      <sv:value>superuser</sv:value>
    </sv:property>
    <sv:property sv:name="mgnl:template" sv:type="String">
      <sv:value/>
    </sv:property>
    <sv:property sv:name="title" sv:type="String">
      <sv:value>Editors (Workflow)</sv:value>
    </sv:property>
    <sv:node sv:name="groups">
      <sv:property sv:name="jcr:primaryType" sv:type="Name">
        <sv:value>mgnl:contentNode</sv:value>
      </sv:property>
      <sv:property sv:name="jcr:uuid" sv:type="String">
        <sv:value>88148a57-a7c2-45d8-b46b-d2152ca20022</sv:value>
      </sv:property>
    </sv:node>
    <sv:node sv:name="roles">
      <sv:property sv:name="jcr:primaryType" sv:type="Name">
        <sv:value>mgnl:contentNode</sv:value>
      </sv:property>
      <sv:property sv:name="jcr:uuid" sv:type="String">
        <sv:value>62a5d0d0-d251-4cc1-9709-b403653a12b4</sv:value>
      </sv:property>
      <sv:property sv:name="0" sv:type="String">
        <sv:value>4fd7ab63-7fff-4a27-b16a-ef727cc6a75d</sv:value>
      </sv:property>
      <sv:property sv:name="1" sv:type="String">
        <sv:value>0913286d-676a-4d6b-8835-e105a1f471b8</sv:value>
      </sv:property>
    </sv:node>
    <sv:node sv:name="acl_usergroups">
      <sv:property sv:name="jcr:primaryType" sv:type="Name">
        <sv:value>mgnl:contentNode</sv:value>
      </sv:property>
      <sv:property sv:name="jcr:uuid" sv:type="String">
        <sv:value>f86f5eb1-e2e7-4cc4-b943-5ceaefb75544</sv:value>
      </sv:property>
      <sv:property sv:name="mgnl:created" sv:type="Date">
        <sv:value>2007-10-12T15:56:43.382+02:00</sv:value>
      </sv:property>
      <sv:node sv:name="0">
        <sv:property sv:name="jcr:primaryType" sv:type="Name">
          <sv:value>mgnl:contentNode</sv:value>
        </sv:property>
        <sv:property sv:name="jcr:uuid" sv:type="String">
          <sv:value>2c75ec1a-6426-42d6-9299-5a9b5c654322</sv:value>
        </sv:property>
        <sv:property sv:name="mgnl:created" sv:type="Date">
          <sv:value>2007-10-12T15:56:43.367+02:00</sv:value>
        </sv:property>
        <sv:property sv:name="path" sv:type="String">
          <sv:value>/editors</sv:value>
        </sv:property>
        <sv:property sv:name="permissions" sv:type="Long">
          <sv:value>8</sv:value>
        </sv:property>
      </sv:node>
    </sv:node>
  </sv:node>
  <sv:node sv:name="publishers">
    <sv:property sv:name="jcr:primaryType" sv:type="Name">
      <sv:value>mgnl:group</sv:value>
    </sv:property>
    <sv:property sv:name="jcr:uuid" sv:type="String">
      <sv:value>14540bfe-4e6f-4920-88d5-534d16156ca3</sv:value>
    </sv:property>
    <sv:property sv:name="description" sv:type="String">
      <sv:value>This group was created by the workflow module, and its users registered upon its installation.</sv:value>
    </sv:property>
    <sv:property sv:name="mgnl:activationStatus" sv:type="Boolean">
      <sv:value>true</sv:value>
    </sv:property>
    <sv:property sv:name="mgnl:created" sv:type="Date">
      <sv:value>2013-08-28T14:38:03.683+02:00</sv:value>
    </sv:property>
    <sv:property sv:name="mgnl:createdBy" sv:type="String">
      <sv:value>superuser</sv:value>
    </sv:property>
    <sv:property sv:name="mgnl:lastActivated" sv:type="Date">
      <sv:value>2013-08-28T14:59:34.045+02:00</sv:value>
    </sv:property>
    <sv:property sv:name="mgnl:lastActivatedBy" sv:type="String">
      <sv:value>superuser</sv:value>
    </sv:property>
    <sv:property sv:name="mgnl:lastModified" sv:type="Date">
      <sv:value>2013-08-28T14:38:03.687+02:00</sv:value>
    </sv:property>
    <sv:property sv:name="mgnl:lastModifiedBy" sv:type="String">
      <sv:value>superuser</sv:value>
    </sv:property>
    <sv:property sv:name="title" sv:type="String">
      <sv:value>Publishers (Workflow)</sv:value>
    </sv:property>
    <sv:node sv:name="groups">
      <sv:property sv:name="jcr:primaryType" sv:type="Name">
        <sv:value>mgnl:contentNode</sv:value>
      </sv:property>
      <sv:property sv:name="jcr:uuid" sv:type="String">
        <sv:value>5c8109e7-0b23-4845-bc3e-df6a04d19269</sv:value>
      </sv:property>
    </sv:node>
    <sv:node sv:name="roles">
      <sv:property sv:name="jcr:primaryType" sv:type="Name">
        <sv:value>mgnl:contentNode</sv:value>
      </sv:property>
      <sv:property sv:name="jcr:uuid" sv:type="String">
        <sv:value>c0467c09-b724-4dc4-ad8d-119ea5476bd5</sv:value>
      </sv:property>
      <sv:property sv:name="0" sv:type="String">
        <sv:value>4fd7ab63-7fff-4a27-b16a-ef727cc6a75d</sv:value>
      </sv:property>
      <sv:property sv:name="1" sv:type="String">
        <sv:value>8cd76b3a-d990-4577-8705-a145cc33920f</sv:value>
      </sv:property>
    </sv:node>
  </sv:node>
  <sv:node sv:name="oa509-product-owners">
    <sv:property sv:name="jcr:primaryType" sv:type="Name">
      <sv:value>mgnl:group</sv:value>
    </sv:property>
    <sv:property sv:name="jcr:uuid" sv:type="String">
      <sv:value>0a937639-c224-491b-8cdb-8c6c4cd3824a</sv:value>
    </sv:property>
    <sv:property sv:name="mgnl:lastModified" sv:type="Date">
      <sv:value>2022-05-17T16:07:21.663+02:00</sv:value>
    </sv:property>
    <sv:property sv:name="mgnl:lastModifiedBy" sv:type="String">
      <sv:value>superuser</sv:value>
    </sv:property>
    <sv:node sv:name="roles">
      <sv:property sv:name="jcr:primaryType" sv:type="Name">
        <sv:value>mgnl:contentNode</sv:value>
      </sv:property>
      <sv:property sv:name="jcr:uuid" sv:type="String">
        <sv:value>23766f67-5f59-4ce6-9ace-db306038209b</sv:value>
      </sv:property>
      <sv:property sv:name="0" sv:type="String">
        <sv:value>fe50ad26-ff32-488a-8979-d9531bd385a0</sv:value>
      </sv:property>
      <sv:property sv:name="mgnl:created" sv:type="Date">
        <sv:value>2022-05-17T16:07:21.664+02:00</sv:value>
      </sv:property>
      <sv:property sv:name="mgnl:createdBy" sv:type="String">
        <sv:value>superuser</sv:value>
      </sv:property>
      <sv:property sv:name="mgnl:lastModified" sv:type="Date">
        <sv:value>2022-05-17T16:07:21.664+02:00</sv:value>
      </sv:property>
      <sv:property sv:name="mgnl:lastModifiedBy" sv:type="String">
        <sv:value>superuser</sv:value>
      </sv:property>
    </sv:node>
  </sv:node>
  <sv:node sv:name="oa509-content-editors">
    <sv:property sv:name="jcr:primaryType" sv:type="Name">
      <sv:value>mgnl:group</sv:value>
    </sv:property>
    <sv:property sv:name="jcr:uuid" sv:type="String">
      <sv:value>14c296ee-ed59-4fb4-9780-647246864931</sv:value>
    </sv:property>
    <sv:property sv:name="mgnl:lastModified" sv:type="Date">
      <sv:value>2022-05-17T16:07:21.709+02:00</sv:value>
    </sv:property>
    <sv:property sv:name="mgnl:lastModifiedBy" sv:type="String">
      <sv:value>superuser</sv:value>
    </sv:property>
    <sv:node sv:name="roles">
      <sv:property sv:name="jcr:primaryType" sv:type="Name">
        <sv:value>mgnl:contentNode</sv:value>
      </sv:property>
      <sv:property sv:name="jcr:uuid" sv:type="String">
        <sv:value>0cd1c599-ef8d-4e41-8ad1-119f9634e5b1</sv:value>
      </sv:property>
      <sv:property sv:name="0" sv:type="String">
        <sv:value>ce242715-1816-41bd-9969-7650a141d3e0</sv:value>
      </sv:property>
      <sv:property sv:name="mgnl:created" sv:type="Date">
        <sv:value>2022-05-17T16:07:21.711+02:00</sv:value>
      </sv:property>
      <sv:property sv:name="mgnl:createdBy" sv:type="String">
        <sv:value>superuser</sv:value>
      </sv:property>
      <sv:property sv:name="mgnl:lastModified" sv:type="Date">
        <sv:value>2022-05-17T16:07:21.711+02:00</sv:value>
      </sv:property>
      <sv:property sv:name="mgnl:lastModifiedBy" sv:type="String">
        <sv:value>superuser</sv:value>
      </sv:property>
    </sv:node>
  </sv:node>
  <sv:node sv:name="oa509-content-readonly">
    <sv:property sv:name="jcr:primaryType" sv:type="Name">
      <sv:value>mgnl:group</sv:value>
    </sv:property>
    <sv:property sv:name="jcr:uuid" sv:type="String">
      <sv:value>d309e5d5-e72c-4734-a19f-620b5e524cc9</sv:value>
    </sv:property>
    <sv:property sv:name="mgnl:lastModified" sv:type="Date">
      <sv:value>2022-05-17T16:07:21.750+02:00</sv:value>
    </sv:property>
    <sv:property sv:name="mgnl:lastModifiedBy" sv:type="String">
      <sv:value>superuser</sv:value>
    </sv:property>
    <sv:node sv:name="roles">
      <sv:property sv:name="jcr:primaryType" sv:type="Name">
        <sv:value>mgnl:contentNode</sv:value>
      </sv:property>
      <sv:property sv:name="jcr:uuid" sv:type="String">
        <sv:value>970b32ff-2423-4c88-8b05-5667ac52558e</sv:value>
      </sv:property>
      <sv:property sv:name="0" sv:type="String">
        <sv:value>c425f8cb-9c7c-47a6-af79-2b8062799fb4</sv:value>
      </sv:property>
      <sv:property sv:name="mgnl:created" sv:type="Date">
        <sv:value>2022-05-17T16:07:21.753+02:00</sv:value>
      </sv:property>
      <sv:property sv:name="mgnl:createdBy" sv:type="String">
        <sv:value>superuser</sv:value>
      </sv:property>
      <sv:property sv:name="mgnl:lastModified" sv:type="Date">
        <sv:value>2022-05-17T16:07:21.753+02:00</sv:value>
      </sv:property>
      <sv:property sv:name="mgnl:lastModifiedBy" sv:type="String">
        <sv:value>superuser</sv:value>
      </sv:property>
    </sv:node>
  </sv:node>
  <sv:node sv:name="oa526-product-owners">
    <sv:property sv:name="jcr:primaryType" sv:type="Name">
      <sv:value>mgnl:group</sv:value>
    </sv:property>
    <sv:property sv:name="jcr:uuid" sv:type="String">
      <sv:value>0699a749-39f2-497a-9e01-4aa6d94a5ff6</sv:value>
    </sv:property>
    <sv:property sv:name="mgnl:lastModified" sv:type="Date">
      <sv:value>2022-05-17T16:07:21.687+02:00</sv:value>
    </sv:property>
    <sv:property sv:name="mgnl:lastModifiedBy" sv:type="String">
      <sv:value>superuser</sv:value>
    </sv:property>
    <sv:node sv:name="roles">
      <sv:property sv:name="jcr:primaryType" sv:type="Name">
        <sv:value>mgnl:contentNode</sv:value>
      </sv:property>
      <sv:property sv:name="jcr:uuid" sv:type="String">
        <sv:value>79ccd78d-7e60-4fb9-adb5-566c7777beb4</sv:value>
      </sv:property>
      <sv:property sv:name="0" sv:type="String">
        <sv:value>0b0ed430-3107-47cf-907c-20fd4e1e63c7</sv:value>
      </sv:property>
      <sv:property sv:name="mgnl:created" sv:type="Date">
        <sv:value>2022-05-17T16:07:21.693+02:00</sv:value>
      </sv:property>
      <sv:property sv:name="mgnl:createdBy" sv:type="String">
        <sv:value>superuser</sv:value>
      </sv:property>
      <sv:property sv:name="mgnl:lastModified" sv:type="Date">
        <sv:value>2022-05-17T16:07:21.693+02:00</sv:value>
      </sv:property>
      <sv:property sv:name="mgnl:lastModifiedBy" sv:type="String">
        <sv:value>superuser</sv:value>
      </sv:property>
    </sv:node>
  </sv:node>
  <sv:node sv:name="oa526-content-editors">
    <sv:property sv:name="jcr:primaryType" sv:type="Name">
      <sv:value>mgnl:group</sv:value>
    </sv:property>
    <sv:property sv:name="jcr:uuid" sv:type="String">
      <sv:value>be804f35-3db3-44fa-b551-b936a7b5d8b9</sv:value>
    </sv:property>
    <sv:property sv:name="mgnl:lastModified" sv:type="Date">
      <sv:value>2022-05-17T16:07:21.732+02:00</sv:value>
    </sv:property>
    <sv:property sv:name="mgnl:lastModifiedBy" sv:type="String">
      <sv:value>superuser</sv:value>
    </sv:property>
    <sv:node sv:name="roles">
      <sv:property sv:name="jcr:primaryType" sv:type="Name">
        <sv:value>mgnl:contentNode</sv:value>
      </sv:property>
      <sv:property sv:name="jcr:uuid" sv:type="String">
        <sv:value>377946f2-d5ae-4719-8ba1-c534dd840ea8</sv:value>
      </sv:property>
      <sv:property sv:name="0" sv:type="String">
        <sv:value>e605f37d-864d-4eea-b980-4b98fa63bfc9</sv:value>
      </sv:property>
      <sv:property sv:name="mgnl:created" sv:type="Date">
        <sv:value>2022-05-17T16:07:21.734+02:00</sv:value>
      </sv:property>
      <sv:property sv:name="mgnl:createdBy" sv:type="String">
        <sv:value>superuser</sv:value>
      </sv:property>
      <sv:property sv:name="mgnl:lastModified" sv:type="Date">
        <sv:value>2022-05-17T16:07:21.734+02:00</sv:value>
      </sv:property>
      <sv:property sv:name="mgnl:lastModifiedBy" sv:type="String">
        <sv:value>superuser</sv:value>
      </sv:property>
    </sv:node>
  </sv:node>
  <sv:node sv:name="oa526-content-readonly">
    <sv:property sv:name="jcr:primaryType" sv:type="Name">
      <sv:value>mgnl:group</sv:value>
    </sv:property>
    <sv:property sv:name="jcr:uuid" sv:type="String">
      <sv:value>b5863356-aa5a-41ad-8115-05fe05fc96c3</sv:value>
    </sv:property>
    <sv:property sv:name="mgnl:lastModified" sv:type="Date">
      <sv:value>2022-05-17T16:07:21.802+02:00</sv:value>
    </sv:property>
    <sv:property sv:name="mgnl:lastModifiedBy" sv:type="String">
      <sv:value>superuser</sv:value>
    </sv:property>
    <sv:node sv:name="roles">
      <sv:property sv:name="jcr:primaryType" sv:type="Name">
        <sv:value>mgnl:contentNode</sv:value>
      </sv:property>
      <sv:property sv:name="jcr:uuid" sv:type="String">
        <sv:value>b5d8e5c5-06a7-4d87-a481-6eb25c4b392e</sv:value>
      </sv:property>
      <sv:property sv:name="0" sv:type="String">
        <sv:value>b16aa246-e743-4a77-ab81-1c4489bc2df6</sv:value>
      </sv:property>
      <sv:property sv:name="mgnl:created" sv:type="Date">
        <sv:value>2022-05-17T16:07:21.816+02:00</sv:value>
      </sv:property>
      <sv:property sv:name="mgnl:createdBy" sv:type="String">
        <sv:value>superuser</sv:value>
      </sv:property>
      <sv:property sv:name="mgnl:lastModified" sv:type="Date">
        <sv:value>2022-05-17T16:07:21.816+02:00</sv:value>
      </sv:property>
      <sv:property sv:name="mgnl:lastModifiedBy" sv:type="String">
        <sv:value>superuser</sv:value>
      </sv:property>
    </sv:node>
  </sv:node>
</sv:node>
